Date (MM/DD/YYYY),Time (HH:mm:ss),Time (Fract. Sec),Site Name,fDOM QSU,fDOM RFU,Turbidity FNU,TSS mg/L,Battery V,Cable Pwr V
9/19/2020,14:30:00,0,ND,107.02,33.46,4.33,0,2.63,0
9/19/2020,14:45:00,0,ND,106.57,33.32,0.64,0,2.63,0
9/19/2020,15:00:00,0,ND,107.05,33.47,1.4,0,2.63,0
9/19/2020,15:15:00,0,ND,106.97,33.45,0.94,0,2.63,0
9/19/2020,15:30:00,0,ND,107.91,33.75,0.82,0,2.63,0
9/19/2020,15:45:00,0,ND,108.37,33.89,0.25,0,2.63,0
9/19/2020,16:00:00,0,ND,107.59,33.65,0.27,0,2.63,0
9/19/2020,16:15:00,0,ND,107.83,33.72,0.24,0,2.63,0
9/19/2020,16:30:00,0,ND,108.48,33.93,0.14,0,2.63,0
9/19/2020,16:45:00,0,ND,108.76,34.02,0.2,0,2.63,0
9/19/2020,17:00:00,0,ND,108.7,34,0.14,0,2.63,0
9/19/2020,17:15:00,0,ND,108.6,33.97,0.28,0,2.62,0
9/19/2020,17:30:00,0,ND,108.36,33.89,0.26,0,2.62,0
9/19/2020,17:45:00,0,ND,108.2,33.84,0.12,0,2.63,0
9/19/2020,18:00:00,0,ND,108.11,33.81,0.16,0,2.62,0
9/19/2020,18:15:00,0,ND,107.98,33.77,0.55,0,2.62,0
9/19/2020,18:30:00,0,ND,108.1,33.81,0.18,0,2.62,0
9/19/2020,18:45:00,0,ND,107.93,33.75,0.16,0,2.62,0
9/19/2020,19:00:00,0,ND,107.77,33.7,0.19,0,2.62,0
9/19/2020,19:15:00,0,ND,107.94,33.76,0.3,0,2.62,0
9/19/2020,19:30:00,0,ND,107.67,33.67,0.26,0,2.62,0
9/19/2020,19:45:00,0,ND,107.67,33.67,0.36,0,2.62,0
9/19/2020,20:00:00,0,ND,107.79,33.71,0.72,0,2.62,0
9/19/2020,20:15:00,0,ND,108.1,33.81,0.53,0,2.62,0
9/19/2020,20:30:00,0,ND,108.05,33.79,0.28,0,2.61,0
9/19/2020,20:45:00,0,ND,108.24,33.86,0.56,0,2.62,0
9/19/2020,21:00:00,0,ND,108.23,33.85,0.47,0,2.62,0
9/19/2020,21:15:00,0,ND,108.62,33.98,0.74,0,2.62,0
9/19/2020,21:30:00,0,ND,108.64,33.98,0.59,0,2.61,0
9/19/2020,21:45:00,0,ND,108.67,33.99,0.32,0,2.61,0
9/19/2020,22:00:00,0,ND,108.71,34,0.64,0,2.61,0
9/19/2020,22:15:00,0,ND,108.66,33.99,0.41,0,2.61,0
9/19/2020,22:30:00,0,ND,108.89,34.06,0.35,0,2.61,0
9/19/2020,22:45:00,0,ND,108.72,34.01,0.51,0,2.61,0
9/19/2020,23:00:00,0,ND,108.82,34.04,0.26,0,2.61,0
9/19/2020,23:15:00,0,ND,108.96,34.08,0.44,0,2.61,0
9/19/2020,23:30:00,0,ND,108.92,34.07,0.4,0,2.61,0
9/19/2020,23:45:00,0,ND,109.06,34.11,0.37,0,2.61,0
9/20/2020,0:00:00,0,ND,108.9,34.06,0.28,0,2.61,0
9/20/2020,0:15:00,0,ND,109.02,34.1,0.41,0,2.61,0
9/20/2020,0:30:00,0,ND,108.94,34.08,0.26,0,2.61,0
9/20/2020,0:45:00,0,ND,109.08,34.12,0.32,0,2.61,0
9/20/2020,1:00:00,0,ND,109.09,34.13,0.46,0,2.61,0
9/20/2020,1:15:00,0,ND,108.98,34.09,0.47,0,2.61,0
9/20/2020,1:30:00,0,ND,109,34.1,0.22,0,2.6,0
9/20/2020,1:45:00,0,ND,109.17,34.15,0.19,0,2.61,0
9/20/2020,2:00:00,0,ND,109.12,34.13,0.53,0,2.6,0
9/20/2020,2:15:00,0,ND,109.3,34.19,0.36,0,2.61,0
9/20/2020,2:30:00,0,ND,109.36,34.21,0.36,0,2.6,0
9/20/2020,2:45:00,0,ND,109.21,34.16,0.35,0,2.61,0
9/20/2020,3:00:00,0,ND,109.38,34.22,0.36,0,2.6,0
9/20/2020,3:15:00,0,ND,109.3,34.19,0.16,0,2.6,0
9/20/2020,3:30:00,0,ND,109.38,34.22,0.59,0,2.6,0
9/20/2020,3:45:00,0,ND,109.55,34.27,0.44,0,2.6,0
9/20/2020,4:00:00,0,ND,109.5,34.26,0.26,0,2.6,0
9/20/2020,4:15:00,0,ND,109.47,34.25,0.28,0,2.6,0
9/20/2020,4:30:00,0,ND,109.68,34.31,0.22,0,2.6,0
9/20/2020,4:45:00,0,ND,109.65,34.3,0.29,0,2.6,0
9/20/2020,5:00:00,0,ND,109.51,34.26,0.47,0,2.6,0
9/20/2020,5:15:00,0,ND,109.66,34.31,0.34,0,2.6,0
9/20/2020,5:30:00,0,ND,109.63,34.3,0.61,0,2.6,0
9/20/2020,5:45:00,0,ND,109.75,34.34,0.47,0,2.6,0
9/20/2020,6:00:00,0,ND,109.79,34.35,0.4,0,2.6,0
9/20/2020,6:15:00,0,ND,109.76,34.34,0.21,0,2.6,0
9/20/2020,6:30:00,0,ND,109.67,34.31,0.44,0,2.6,0
9/20/2020,6:45:00,0,ND,109.73,34.33,0.44,0,2.6,0
9/20/2020,7:00:00,0,ND,109.73,34.33,0.66,0,2.6,0
9/20/2020,7:15:00,0,ND,109.9,34.38,0.43,0,2.6,0
9/20/2020,7:30:00,0,ND,109.58,34.28,0.44,0,2.59,0
9/20/2020,7:45:00,0,ND,110.28,34.5,0.4,0,2.6,0
9/20/2020,8:00:00,0,ND,109.67,34.31,0.48,0,2.59,0
9/20/2020,8:15:00,0,ND,110.15,34.46,0.26,0,2.6,0
9/20/2020,8:30:00,0,ND,109.97,34.41,0.53,0,2.59,0
9/20/2020,8:45:00,0,ND,109.86,34.37,0.37,0,2.59,0
9/20/2020,9:00:00,0,ND,109.94,34.4,0.29,0,2.59,0
9/20/2020,9:15:00,0,ND,110.21,34.48,0.23,0,2.59,0
9/20/2020,9:30:00,0,ND,109.94,34.4,0.37,0,2.59,0
9/20/2020,9:45:00,0,ND,110.58,34.6,0.24,0,2.59,0
9/20/2020,10:00:00,0,ND,110.98,34.73,0.19,0,2.59,0
9/20/2020,10:15:00,0,ND,110.03,34.43,0.61,0,2.59,0
9/20/2020,10:30:00,0,ND,112.24,35.13,0.01,0,2.59,0
9/20/2020,10:45:00,0,ND,110.04,34.43,0.03,0,2.6,0
9/20/2020,11:00:00,0,ND,109.29,34.19,0.44,0,2.59,0
9/20/2020,11:15:00,0,ND,109.16,34.15,0.4,0,2.6,0
9/20/2020,11:30:00,0,ND,109.12,34.13,0.14,0,2.59,0
9/20/2020,11:45:00,0,ND,108.24,33.85,0.35,0,2.6,0
9/20/2020,12:00:00,0,ND,108.91,34.07,0.43,0,2.59,0
9/20/2020,12:15:00,0,ND,108.46,33.92,0.18,0,2.59,0
9/20/2020,12:30:00,0,ND,107.65,33.67,0.53,0,2.59,0
9/20/2020,12:45:00,0,ND,108.33,33.88,0.18,0,2.6,0
9/20/2020,13:00:00,0,ND,107.76,33.7,0.38,0,2.6,0
9/20/2020,13:15:00,0,ND,108.31,33.88,0.09,0,2.6,0
9/20/2020,13:30:00,0,ND,108.34,33.89,0.35,0,2.6,0
9/20/2020,13:45:00,0,ND,107.38,33.58,0.62,0,2.6,0
9/20/2020,14:00:00,0,ND,107.64,33.66,0.05,0,2.6,0
9/20/2020,14:15:00,0,ND,106.83,33.4,0.17,0,2.6,0
9/20/2020,14:30:00,0,ND,106.92,33.43,0.42,0,2.6,0
9/20/2020,14:45:00,0,ND,106.75,33.38,0.36,0,2.6,0
9/20/2020,15:00:00,0,ND,106.79,33.39,0.17,0,2.6,0
9/20/2020,15:15:00,0,ND,106.33,33.24,0.69,0,2.6,0
9/20/2020,15:30:00,0,ND,106.05,33.15,0.27,0,2.6,0
9/20/2020,15:45:00,0,ND,106.82,33.4,0.08,0,2.6,0
9/20/2020,16:00:00,0,ND,106.71,33.36,0.2,0,2.59,0
9/20/2020,16:15:00,0,ND,106.15,33.19,0.06,0,2.6,0
9/20/2020,16:30:00,0,ND,107.03,33.47,0.18,0,2.6,0
9/20/2020,16:45:00,0,ND,107.33,33.56,0.03,0,2.6,0
9/20/2020,17:00:00,0,ND,107.68,33.68,0.16,0,2.59,0
9/20/2020,17:15:00,0,ND,107.21,33.52,0.05,0,2.59,0
9/20/2020,17:30:00,0,ND,107.42,33.59,0.02,0,2.59,0
9/20/2020,17:45:00,0,ND,106.93,33.43,0.18,0,2.59,0
9/20/2020,18:00:00,0,ND,107.9,33.75,0.14,0,2.59,0
9/20/2020,18:15:00,0,ND,108.31,33.88,0.2,0,2.6,0
9/20/2020,18:30:00,0,ND,108.38,33.9,0.11,0,2.59,0
9/20/2020,18:45:00,0,ND,108.39,33.9,0.26,0,2.59,0
9/20/2020,19:00:00,0,ND,108.38,33.9,0.18,0,2.59,0
9/20/2020,19:15:00,0,ND,108.33,33.88,0.05,0,2.59,0
9/20/2020,19:30:00,0,ND,108.54,33.95,0.12,0,2.59,0
9/20/2020,19:45:00,0,ND,108.4,33.91,0.13,0,2.59,0
9/20/2020,20:00:00,0,ND,108.34,33.89,0.6,0,2.59,0
9/20/2020,20:15:00,0,ND,108.38,33.9,0.37,0,2.58,0
9/20/2020,20:30:00,0,ND,108.54,33.95,0.19,0,2.59,0
9/20/2020,20:45:00,0,ND,108.47,33.93,0.09,0,2.58,0
9/20/2020,21:00:00,0,ND,108.68,33.99,0.13,0,2.58,0
9/20/2020,21:15:00,0,ND,108.73,34.01,0.21,0,2.59,0
9/20/2020,21:30:00,0,ND,108.71,34,0.31,0,2.58,0
9/20/2020,21:45:00,0,ND,108.82,34.04,0.14,0,2.59,0
9/20/2020,22:00:00,0,ND,108.93,34.07,0.29,0,2.58,0
9/20/2020,22:15:00,0,ND,108.99,34.09,0.45,0,2.59,0
9/20/2020,22:30:00,0,ND,109.07,34.12,0.18,0,2.58,0
9/20/2020,22:45:00,0,ND,109.19,34.16,0.46,0,2.58,0
9/20/2020,23:00:00,0,ND,109.46,34.24,0.45,0,2.58,0
9/20/2020,23:15:00,0,ND,109.36,34.21,0.32,0,2.58,0
9/20/2020,23:30:00,0,ND,109.38,34.22,0.36,0,2.58,0
9/20/2020,23:45:00,0,ND,109.24,34.17,0.32,0,2.58,0
9/21/2020,0:00:00,0,ND,109.3,34.19,0.38,0,2.58,0
9/21/2020,0:15:00,0,ND,109.24,34.17,0.29,0,2.58,0
9/21/2020,0:30:00,0,ND,109.33,34.2,0.3,0,2.58,0
9/21/2020,0:45:00,0,ND,109.33,34.2,0.32,0,2.58,0
9/21/2020,1:00:00,0,ND,109.44,34.24,0.38,0,2.58,0
9/21/2020,1:15:00,0,ND,109.49,34.25,0.14,0,2.58,0
9/21/2020,1:30:00,0,ND,109.36,34.21,0.25,0,2.58,0
9/21/2020,1:45:00,0,ND,109.43,34.23,0.34,0,2.58,0
9/21/2020,2:00:00,0,ND,109.56,34.28,0.38,0,2.58,0
9/21/2020,2:15:00,0,ND,109.56,34.28,0.28,0,2.58,0
9/21/2020,2:30:00,0,ND,109.53,34.27,0.38,0,2.58,0
9/21/2020,2:45:00,0,ND,109.73,34.33,0.31,0,2.58,0
9/21/2020,3:00:00,0,ND,109.68,34.31,0.12,0,2.58,0
9/21/2020,3:15:00,0,ND,109.78,34.35,0.28,0,2.58,0
9/21/2020,3:30:00,0,ND,109.83,34.36,0.12,0,2.58,0
9/21/2020,3:45:00,0,ND,109.86,34.37,0.32,0,2.58,0
9/21/2020,4:00:00,0,ND,109.94,34.4,0.29,0,2.58,0
9/21/2020,4:15:00,0,ND,109.78,34.35,0.35,0,2.58,0
9/21/2020,4:30:00,0,ND,109.92,34.39,0.32,0,2.58,0
9/21/2020,4:45:00,0,ND,109.86,34.37,0.2,0,2.58,0
9/21/2020,5:00:00,0,ND,110.02,34.42,0.31,0,2.58,0
9/21/2020,5:15:00,0,ND,110.13,34.46,0.12,0,2.58,0
9/21/2020,5:30:00,0,ND,109.95,34.4,0.45,0,2.58,0
9/21/2020,5:45:00,0,ND,110.03,34.42,0.33,0,2.58,0
9/21/2020,6:00:00,0,ND,109.84,34.36,0.33,0,2.58,0
9/21/2020,6:15:00,0,ND,110.25,34.5,0.21,0,2.58,0
9/21/2020,6:30:00,0,ND,110.19,34.48,0.39,0,2.58,0
9/21/2020,6:45:00,0,ND,109.7,34.32,0.28,0,2.58,0
9/21/2020,7:00:00,0,ND,109.95,34.4,-0.04,0,2.58,0
9/21/2020,7:15:00,0,ND,109.99,34.41,0.13,0,2.57,0
9/21/2020,7:30:00,0,ND,110.57,34.6,0.02,0,2.57,0
9/21/2020,7:45:00,0,ND,110.1,34.45,0.12,0,2.58,0
9/21/2020,8:00:00,0,ND,109.94,34.4,0.37,0,2.57,0
9/21/2020,8:15:00,0,ND,110.15,34.46,0.5,0,2.57,0
9/21/2020,8:30:00,0,ND,110.58,34.6,0.14,0,2.57,0
9/21/2020,8:45:00,0,ND,110.52,34.58,0.18,0,2.58,0
9/21/2020,9:00:00,0,ND,110.52,34.58,0.21,0,2.57,0
9/21/2020,9:15:00,0,ND,110.64,34.62,0.24,0,2.58,0
9/21/2020,9:30:00,0,ND,110.45,34.56,0.22,0,2.57,0
9/21/2020,9:45:00,0,ND,110.9,34.7,0.12,0,2.58,0
9/21/2020,10:00:00,0,ND,110.96,34.72,0.06,0,2.57,0
9/21/2020,10:15:00,0,ND,110.61,34.61,0.31,0,2.58,0
9/21/2020,10:30:00,0,ND,111.68,34.95,0.08,0,2.57,0
9/21/2020,10:45:00,0,ND,112.76,35.3,0.02,0,2.58,0
9/21/2020,11:00:00,0,ND,109.27,34.18,0.13,0,2.57,0
9/21/2020,11:15:00,0,ND,109.08,34.12,0.23,0,2.58,0
9/21/2020,11:30:00,0,ND,110.29,34.51,0.12,0,2.57,0
9/21/2020,11:45:00,0,ND,110.7,34.64,-0.04,0,2.58,0
9/21/2020,12:00:00,0,ND,109.51,34.26,0.18,0,2.57,0
9/21/2020,12:15:00,0,ND,109.12,34.13,0.09,0,2.58,0
9/21/2020,12:30:00,0,ND,108.9,34.06,-0.06,0,2.58,0
9/21/2020,12:45:00,0,ND,109.25,34.18,-0.06,0,2.58,0
9/21/2020,13:00:00,0,ND,109,34.1,0.03,0,2.58,0
9/21/2020,13:15:00,0,ND,108.73,34.01,-0.02,0,2.58,0
9/21/2020,13:30:00,0,ND,108.48,33.93,0.06,0,2.58,0
9/21/2020,13:45:00,0,ND,107.81,33.72,-0.03,0,2.58,0
9/21/2020,14:00:00,0,ND,108.51,33.94,-0.03,0,2.58,0
9/21/2020,14:15:00,0,ND,107.72,33.69,0.01,0,2.58,0
9/21/2020,14:30:00,0,ND,107.01,33.46,0.47,0,2.58,0
9/21/2020,14:45:00,0,ND,107.4,33.59,0.72,0,2.58,0
9/21/2020,15:00:00,0,ND,107.52,33.62,0.18,0,2.58,0
9/21/2020,15:15:00,0,ND,107.54,33.63,-0.01,0,2.58,0
9/21/2020,15:30:00,0,ND,107.01,33.46,0.06,0,2.58,0
9/21/2020,15:45:00,0,ND,107.69,33.68,0,0,2.58,0
9/21/2020,16:00:00,0,ND,107.61,33.65,-0.06,0,2.58,0
9/21/2020,16:15:00,0,ND,107.69,33.68,-0.08,0,2.58,0
9/21/2020,16:30:00,0,ND,107.57,33.64,0.07,0,2.58,0
9/21/2020,16:45:00,0,ND,107.27,33.54,-0.04,0,2.58,0
9/21/2020,17:00:00,0,ND,107.44,33.6,-0.12,0,2.58,0
9/21/2020,17:15:00,0,ND,107.36,33.57,-0.11,0,2.58,0
9/21/2020,17:30:00,0,ND,107.22,33.53,-0.03,0,2.57,0
9/21/2020,17:45:00,0,ND,107.49,33.61,-0.02,0,2.58,0
9/21/2020,18:00:00,0,ND,107.32,33.56,0.09,0,2.58,0
9/21/2020,18:15:00,0,ND,107.59,33.65,0.08,0,2.58,0
9/21/2020,18:30:00,0,ND,107.83,33.72,0.06,0,2.58,0
9/21/2020,18:45:00,0,ND,107.86,33.73,0.08,0,2.58,0
9/21/2020,19:00:00,0,ND,107.92,33.75,0.05,0,2.57,0
9/21/2020,19:15:00,0,ND,108.03,33.79,0.01,0,2.58,0
9/21/2020,19:30:00,0,ND,108.08,33.8,0.59,0,2.57,0
9/21/2020,19:45:00,0,ND,108.12,33.82,0.09,0,2.57,0
9/21/2020,20:00:00,0,ND,108.1,33.81,0.2,0,2.57,0
9/21/2020,20:15:00,0,ND,108.26,33.86,0.17,0,2.57,0
9/21/2020,20:30:00,0,ND,108.37,33.9,0.12,0,2.57,0
9/21/2020,20:45:00,0,ND,108.33,33.88,0.16,0,2.57,0
9/21/2020,21:00:00,0,ND,108.51,33.94,0.03,0,2.57,0
9/21/2020,21:15:00,0,ND,108.58,33.96,0.21,0,2.57,0
9/21/2020,21:30:00,0,ND,108.58,33.96,0.51,0,2.57,0
9/21/2020,21:45:00,0,ND,108.85,34.05,0.41,0,2.57,0
9/21/2020,22:00:00,0,ND,108.78,34.03,0.28,0,2.57,0
9/21/2020,22:15:00,0,ND,108.9,34.06,0.56,0,2.57,0
9/21/2020,22:30:00,0,ND,108.86,34.05,0.13,0,2.56,0
9/21/2020,22:45:00,0,ND,109.04,34.11,0.17,0,2.57,0
9/21/2020,23:00:00,0,ND,109.06,34.11,0.39,0,2.57,0
9/21/2020,23:15:00,0,ND,109.12,34.14,0.08,0,2.57,0
9/21/2020,23:30:00,0,ND,109.19,34.16,0.32,0,2.56,0
9/21/2020,23:45:00,0,ND,109.23,34.17,0.02,0,2.57,0
9/22/2020,0:00:00,0,ND,109.39,34.22,0.06,0,2.56,0
9/22/2020,0:15:00,0,ND,109.97,34.41,0.22,0,2.56,0
9/22/2020,0:30:00,0,ND,109.65,34.3,0.24,0,2.56,0
9/22/2020,0:45:00,0,ND,109.64,34.3,0,0,2.57,0
9/22/2020,1:00:00,0,ND,109.78,34.35,0.5,0,2.56,0
9/22/2020,1:15:00,0,ND,109.68,34.31,0.03,0,2.56,0
9/22/2020,1:30:00,0,ND,109.8,34.35,0.35,0,2.56,0
9/22/2020,1:45:00,0,ND,109.83,34.36,0.09,0,2.57,0
9/22/2020,2:00:00,0,ND,109.87,34.38,0.18,0,2.56,0
9/22/2020,2:15:00,0,ND,109.86,34.37,0.21,0,2.56,0
9/22/2020,2:30:00,0,ND,109.84,34.36,0.27,0,2.56,0
9/22/2020,2:45:00,0,ND,110,34.42,0.46,0,2.57,0
9/22/2020,3:00:00,0,ND,110.02,34.42,0.12,0,2.56,0
9/22/2020,3:15:00,0,ND,109.98,34.41,0.09,0,2.56,0
9/22/2020,3:30:00,0,ND,109.96,34.4,0.27,0,2.56,0
9/22/2020,3:45:00,0,ND,110.14,34.46,0.13,0,2.56,0
9/22/2020,4:00:00,0,ND,110.13,34.46,0.11,0,2.56,0
9/22/2020,4:15:00,0,ND,110.19,34.48,0.15,0,2.56,0
9/22/2020,4:30:00,0,ND,110.16,34.47,0.16,0,2.56,0
9/22/2020,4:45:00,0,ND,110.36,34.53,0.06,0,2.56,0
9/22/2020,5:00:00,0,ND,110.24,34.49,0.09,0,2.56,0
9/22/2020,5:15:00,0,ND,110.14,34.46,0.12,0,2.56,0
9/22/2020,5:30:00,0,ND,110.27,34.5,0.26,0,2.56,0
9/22/2020,5:45:00,0,ND,110.32,34.52,0.23,0,2.56,0
9/22/2020,6:00:00,0,ND,110.45,34.56,0.19,0,2.56,0
9/22/2020,6:15:00,0,ND,110.42,34.55,0.06,0,2.56,0
9/22/2020,6:30:00,0,ND,110,34.42,0.4,0,2.56,0
9/22/2020,6:45:00,0,ND,110.28,34.51,0.12,0,2.56,0
9/22/2020,7:00:00,0,ND,110.26,34.5,0.26,0,2.56,0
9/22/2020,7:15:00,0,ND,110.22,34.49,0.33,0,2.56,0
9/22/2020,7:30:00,0,ND,109.73,34.33,0.36,0,2.56,0
9/22/2020,7:45:00,0,ND,110.3,34.51,0.3,0,2.56,0
9/22/2020,8:00:00,0,ND,110.53,34.59,0.24,0,2.56,0
9/22/2020,8:15:00,0,ND,110.28,34.51,0.12,0,2.56,0
9/22/2020,8:30:00,0,ND,110.44,34.56,0.48,0,2.55,0
9/22/2020,8:45:00,0,ND,110.18,34.47,0.13,0,2.56,0
9/22/2020,9:00:00,0,ND,110.13,34.46,0.17,0,2.56,0
9/22/2020,9:15:00,0,ND,110.85,34.69,0.06,0,2.56,0
9/22/2020,9:30:00,0,ND,110.55,34.59,0.29,0,2.55,0
9/22/2020,9:45:00,0,ND,110.92,34.71,-0.05,0,2.56,0
9/22/2020,10:00:00,0,ND,111.5,34.9,-0.09,0,2.55,0
9/22/2020,10:15:00,0,ND,112.02,35.06,-0.1,0,2.56,0
9/22/2020,10:30:00,0,ND,109.75,34.34,0.01,0,2.55,0
9/22/2020,10:45:00,0,ND,100.81,31.48,0.15,0,2.56,0
9/22/2020,11:00:00,0,ND,108.95,34.08,0.01,0,2.55,0
9/22/2020,11:15:00,0,ND,110.02,34.42,-0.05,0,2.56,0
9/22/2020,11:30:00,0,ND,109.49,34.25,0.1,0,2.56,0
9/22/2020,11:45:00,0,ND,109.99,34.41,-0.04,0,2.56,0
9/22/2020,12:00:00,0,ND,109.99,34.41,-0.07,0,2.56,0
9/22/2020,12:15:00,0,ND,109.84,34.36,0.03,0,2.56,0
9/22/2020,12:30:00,0,ND,109.5,34.26,0.08,0,2.56,0
9/22/2020,12:45:00,0,ND,109.46,34.24,-0.04,0,2.56,0
9/22/2020,13:00:00,0,ND,109.32,34.2,0,0,2.56,0
9/22/2020,13:15:00,0,ND,108.82,34.04,-0.06,0,2.56,0
9/22/2020,13:30:00,0,ND,108.34,33.89,-0.06,0,2.56,0
9/22/2020,13:45:00,0,ND,108.24,33.85,0.02,0,2.57,0
9/22/2020,14:00:00,0,ND,107.74,33.69,0.22,0,2.56,0
9/22/2020,14:15:00,0,ND,108.56,33.96,0.03,0,2.57,0
9/22/2020,14:30:00,0,ND,108.09,33.8,-0.05,0,2.56,0
9/22/2020,14:45:00,0,ND,107.51,33.62,-0.03,0,2.57,0
9/22/2020,15:00:00,0,ND,107.28,33.55,0.18,0,2.57,0
9/22/2020,15:15:00,0,ND,107.45,33.6,-0.07,0,2.57,0
9/22/2020,15:30:00,0,ND,107.53,33.63,0.12,0,2.57,0
9/22/2020,15:45:00,0,ND,106.67,33.35,0.04,0,2.57,0
9/22/2020,16:00:00,0,ND,106.93,33.43,-0.07,0,2.57,0
9/22/2020,16:15:00,0,ND,106.7,33.36,-0.09,0,2.57,0
9/22/2020,16:30:00,0,ND,106.9,33.43,-0.14,0,2.57,0
9/22/2020,16:45:00,0,ND,107.09,33.49,-0.06,0,2.57,0
9/22/2020,17:00:00,0,ND,107.13,33.5,-0.11,0,2.57,0
9/22/2020,17:15:00,0,ND,107.09,33.49,-0.1,0,2.56,0
9/22/2020,17:30:00,0,ND,107.32,33.56,-0.08,0,2.57,0
9/22/2020,17:45:00,0,ND,107.47,33.61,-0.04,0,2.57,0
9/22/2020,18:00:00,0,ND,107.43,33.6,-0.13,0,2.56,0
9/22/2020,18:15:00,0,ND,107.53,33.63,-0.04,0,2.56,0
9/22/2020,18:30:00,0,ND,107.42,33.59,-0.05,0,2.56,0
9/22/2020,18:45:00,0,ND,103.48,32.33,-0.04,0,2.57,0
9/22/2020,19:00:00,0,ND,107.27,33.54,-0.04,0,2.56,0
9/22/2020,19:15:00,0,ND,107.68,33.67,-0.01,0,2.56,0
9/22/2020,19:30:00,0,ND,107.83,33.72,0.28,0,2.56,0
9/22/2020,19:45:00,0,ND,107.73,33.69,-0.01,0,2.56,0
9/22/2020,20:00:00,0,ND,107.73,33.69,-0.05,0,2.56,0
9/22/2020,20:15:00,0,ND,107.86,33.73,0.07,0,2.56,0
9/22/2020,20:30:00,0,ND,107.9,33.75,0.05,0,2.56,0
9/22/2020,20:45:00,0,ND,107.94,33.76,0.06,0,2.56,0
9/22/2020,21:00:00,0,ND,107.96,33.76,-0.04,0,2.55,0
9/22/2020,21:15:00,0,ND,108.05,33.79,0.02,0,2.55,0
9/22/2020,21:30:00,0,ND,108.2,33.84,0.04,0,2.55,0
9/22/2020,21:45:00,0,ND,108.29,33.87,0.05,0,2.56,0
9/22/2020,22:00:00,0,ND,108.33,33.88,0.01,0,2.55,0
9/22/2020,22:15:00,0,ND,108.29,33.87,-0.02,0,2.55,0
9/22/2020,22:30:00,0,ND,108.52,33.94,0.12,0,2.55,0
9/22/2020,22:45:00,0,ND,108.59,33.97,0.24,0,2.55,0
9/22/2020,23:00:00,0,ND,108.56,33.95,0.57,0,2.55,0
9/22/2020,23:15:00,0,ND,108.51,33.94,0.02,0,2.55,0
9/22/2020,23:30:00,0,ND,108.54,33.95,0.1,0,2.54,0
9/22/2020,23:45:00,0,ND,108.65,33.98,0.08,0,2.55,0
9/23/2020,0:00:00,0,ND,108.72,34.01,0.34,0,2.54,0
9/23/2020,0:15:00,0,ND,108.64,33.98,0.52,0,2.55,0
9/23/2020,0:30:00,0,ND,108.66,33.99,0.27,0,2.55,0
9/23/2020,0:45:00,0,ND,108.79,34.03,0.32,0,2.55,0
9/23/2020,1:00:00,0,ND,108.77,34.02,0.39,0,2.55,0
9/23/2020,1:15:00,0,ND,108.87,34.05,0.24,0,2.55,0
9/23/2020,1:30:00,0,ND,108.89,34.06,0.51,0,2.55,0
9/23/2020,1:45:00,0,ND,108.91,34.07,0.47,0,2.55,0
9/23/2020,2:00:00,0,ND,108.87,34.06,0.71,0,2.55,0
9/23/2020,2:15:00,0,ND,108.94,34.08,0.07,0,2.54,0
9/23/2020,2:30:00,0,ND,77.37,24,0.13,0,2.55,0
9/23/2020,2:45:00,0,ND,76.86,23.83,0.29,0,2.55,0
9/23/2020,3:00:00,0,ND,77.13,23.92,0.24,0,2.55,0
9/23/2020,3:15:00,0,ND,108.88,34.06,0.66,0,2.55,0
9/23/2020,3:30:00,0,ND,108.93,34.07,0.44,0,2.55,0
9/23/2020,3:45:00,0,ND,109.06,34.12,0.12,0,2.55,0
9/23/2020,4:00:00,0,ND,109.16,34.15,0.26,0,2.54,0
9/23/2020,4:15:00,0,ND,109.16,34.15,0.09,0,2.55,0
9/23/2020,4:30:00,0,ND,109.15,34.15,0.26,0,2.55,0
9/23/2020,4:45:00,0,ND,109.35,34.21,0.05,0,2.55,0
9/23/2020,5:00:00,0,ND,109.24,34.17,0.15,0,2.54,0
9/23/2020,5:15:00,0,ND,109.07,34.12,0.29,0,2.55,0
9/23/2020,5:30:00,0,ND,109.39,34.22,0.55,0,2.54,0
9/23/2020,5:45:00,0,ND,109.39,34.22,0.57,0,2.54,0
9/23/2020,6:00:00,0,ND,109.39,34.22,0.01,0,2.54,0
9/23/2020,6:15:00,0,ND,109.37,34.21,0.12,0,2.54,0
9/23/2020,6:30:00,0,ND,109.18,34.15,0.06,0,2.54,0
9/23/2020,6:45:00,0,ND,109.25,34.18,-0.05,0,2.55,0
9/23/2020,7:00:00,0,ND,109.53,34.27,-0.06,0,2.54,0
9/23/2020,7:15:00,0,ND,109.36,34.21,-0.03,0,2.54,0
9/23/2020,7:30:00,0,ND,109.46,34.24,-0.05,0,2.54,0
9/23/2020,7:45:00,0,ND,109.5,34.26,-0.04,0,2.55,0
9/23/2020,8:00:00,0,ND,109.51,34.26,0.04,0,2.54,0
9/23/2020,8:15:00,0,ND,109.75,34.34,-0.08,0,2.54,0
9/23/2020,8:30:00,0,ND,109.84,34.36,0.17,0,2.54,0
9/23/2020,8:45:00,0,ND,109.79,34.35,-0.04,0,2.54,0
9/23/2020,9:00:00,0,ND,109.85,34.37,-0.07,0,2.54,0
9/23/2020,9:15:00,0,ND,110.23,34.49,-0.04,0,2.54,0
9/23/2020,9:30:00,0,ND,110.56,34.59,-0.07,0,2.54,0
9/23/2020,9:45:00,0,ND,110.8,34.67,-0.12,0,2.54,0
9/23/2020,10:00:00,0,ND,110.54,34.59,-0.15,0,2.54,0
9/23/2020,10:15:00,0,ND,110.29,34.51,-0.15,0,2.55,0
9/23/2020,10:30:00,0,ND,109.96,34.4,-0.12,0,2.54,0
9/23/2020,10:45:00,0,ND,109.47,34.25,-0.09,0,2.55,0
9/23/2020,11:00:00,0,ND,108.72,34.01,0.04,0,2.54,0
9/23/2020,11:15:00,0,ND,108.95,34.08,-0.02,0,2.55,0
9/23/2020,11:30:00,0,ND,109.23,34.17,0.06,0,2.54,0
9/23/2020,11:45:00,0,ND,109.53,34.27,-0.1,0,2.54,0
9/23/2020,12:00:00,0,ND,109.17,34.15,0.11,0,2.55,0
9/23/2020,12:15:00,0,ND,108.95,34.08,0,0,2.55,0
9/23/2020,12:30:00,0,ND,108.95,34.08,0.06,0,2.54,0
9/23/2020,12:45:00,0,ND,108.7,34,-0.01,0,2.55,0
9/23/2020,13:00:00,0,ND,108.62,33.98,-0.15,0,2.55,0
9/23/2020,13:15:00,0,ND,107.78,33.71,0.04,0,2.55,0
9/23/2020,13:30:00,0,ND,108.11,33.81,-0.13,0,2.55,0
9/23/2020,13:45:00,0,ND,107.74,33.69,0.02,0,2.55,0
9/23/2020,14:00:00,0,ND,107.62,33.65,-0.03,0,2.55,0
9/23/2020,14:15:00,0,ND,106.41,33.27,0.33,0,2.55,0
9/23/2020,14:30:00,0,ND,106.26,33.22,-0.03,0,2.55,0
9/23/2020,14:45:00,0,ND,106.7,33.36,0.08,0,2.56,0
9/23/2020,15:00:00,0,ND,106.71,33.37,-0.13,0,2.56,0
9/23/2020,15:15:00,0,ND,106.58,33.32,-0.15,0,2.56,0
9/23/2020,15:30:00,0,ND,106.55,33.31,-0.04,0,2.56,0
9/23/2020,15:45:00,0,ND,105.48,32.97,0,0,2.56,0
9/23/2020,16:00:00,0,ND,105.46,32.97,-0.11,0,2.56,0
9/23/2020,16:15:00,0,ND,105.73,33.05,-0.12,0,2.55,0
9/23/2020,16:30:00,0,ND,106.09,33.17,-0.04,0,2.56,0
9/23/2020,16:45:00,0,ND,105.59,33.01,-0.06,0,2.56,0
9/23/2020,17:00:00,0,ND,105.75,33.06,-0.08,0,2.55,0
9/23/2020,17:15:00,0,ND,105.56,33,-0.11,0,2.56,0
9/23/2020,17:30:00,0,ND,105.77,33.07,-0.07,0,2.56,0
9/23/2020,17:45:00,0,ND,105.73,33.05,-0.07,0,2.55,0
9/23/2020,18:00:00,0,ND,105.56,33,-0.1,0,2.55,0
9/23/2020,18:15:00,0,ND,105.74,33.06,-0.1,0,2.56,0
9/23/2020,18:30:00,0,ND,105.87,33.1,-0.01,0,2.55,0
9/23/2020,18:45:00,0,ND,105.44,32.96,-0.1,0,2.56,0
9/23/2020,19:00:00,0,ND,105.64,33.02,0,0,2.55,0
9/23/2020,19:15:00,0,ND,105.54,32.99,-0.08,0,2.55,0
9/23/2020,19:30:00,0,ND,105.75,33.06,0.02,0,2.55,0
9/23/2020,19:45:00,0,ND,106.27,33.23,-0.07,0,2.55,0
9/23/2020,20:00:00,0,ND,106.09,33.17,-0.14,0,2.55,0
9/23/2020,20:15:00,0,ND,105.89,33.1,-0.08,0,2.55,0
9/23/2020,20:30:00,0,ND,105.77,33.07,0.14,0,2.55,0
9/23/2020,20:45:00,0,ND,105.79,33.07,0.38,0,2.55,0
9/23/2020,21:00:00,0,ND,105.84,33.09,0.03,0,2.55,0
9/23/2020,21:15:00,0,ND,105.65,33.03,0.09,0,2.55,0
9/23/2020,21:30:00,0,ND,105.79,33.07,-0.01,0,2.55,0
9/23/2020,21:45:00,0,ND,105.85,33.09,0.03,0,2.55,0
9/23/2020,22:00:00,0,ND,105.86,33.09,0.02,0,2.54,0
9/23/2020,22:15:00,0,ND,105.93,33.11,0.15,0,2.55,0
9/23/2020,22:30:00,0,ND,105.94,33.12,0.05,0,2.54,0
9/23/2020,22:45:00,0,ND,105.91,33.11,0.05,0,2.54,0
9/23/2020,23:00:00,0,ND,105.99,33.14,0.17,0,2.54,0
9/23/2020,23:15:00,0,ND,105.97,33.13,0.04,0,2.54,0
9/23/2020,23:30:00,0,ND,106.03,33.15,0.03,0,2.54,0
9/23/2020,23:45:00,0,ND,106.09,33.17,-0.09,0,2.54,0
9/24/2020,0:00:00,0,ND,106.16,33.19,0.09,0,2.54,0
9/24/2020,0:15:00,0,ND,106.21,33.21,-0.06,0,2.54,0
9/24/2020,0:30:00,0,ND,106.21,33.21,0.14,0,2.54,0
9/24/2020,0:45:00,0,ND,106.05,33.15,0.29,0,2.54,0
9/24/2020,1:00:00,0,ND,106.31,33.24,0.2,0,2.54,0
9/24/2020,1:15:00,0,ND,106.37,33.26,0.15,0,2.54,0
9/24/2020,1:30:00,0,ND,106.32,33.24,0.09,0,2.54,0
9/24/2020,1:45:00,0,ND,106.44,33.28,0.02,0,2.54,0
9/24/2020,2:00:00,0,ND,106.36,33.25,-0.02,0,2.54,0
9/24/2020,2:15:00,0,ND,106.41,33.27,-0.03,0,2.54,0
9/24/2020,2:30:00,0,ND,106.33,33.25,0.1,0,2.53,0
9/24/2020,2:45:00,0,ND,106.31,33.24,0.68,0,2.54,0
9/24/2020,3:00:00,0,ND,106.42,33.27,0.79,0,2.54,0
9/24/2020,3:15:00,0,ND,106.32,33.24,0.6,0,2.54,0
9/24/2020,3:30:00,0,ND,106.4,33.27,1.04,0,2.53,0
9/24/2020,3:45:00,0,ND,106.36,33.25,0.71,0,2.54,0
9/24/2020,4:00:00,0,ND,106.31,33.24,0.12,0,2.53,0
9/24/2020,4:15:00,0,ND,106.54,33.31,0.52,0,2.54,0
9/24/2020,4:30:00,0,ND,106.38,33.26,0.87,0,2.53,0
9/24/2020,4:45:00,0,ND,106.5,33.3,-0.02,0,2.54,0
9/24/2020,5:00:00,0,ND,106.17,33.19,0.31,0,2.54,0
9/24/2020,5:15:00,0,ND,106.15,33.19,0.52,0,2.53,0
9/24/2020,5:30:00,0,ND,106.6,33.33,0.73,0,2.53,0
9/24/2020,5:45:00,0,ND,106.51,33.3,0.31,0,2.54,0
9/24/2020,6:00:00,0,ND,106.44,33.28,0.82,0,2.53,0
9/24/2020,6:15:00,0,ND,106.53,33.31,0.8,0,2.54,0
9/24/2020,6:30:00,0,ND,106.13,33.18,0.02,0,2.53,0
9/24/2020,6:45:00,0,ND,106.24,33.21,0.06,0,2.53,0
9/24/2020,7:00:00,0,ND,106.91,33.43,-0.13,0,2.53,0
9/24/2020,7:15:00,0,ND,107.05,33.47,-0.16,0,2.53,0
9/24/2020,7:30:00,0,ND,107.19,33.52,-0.19,0,2.53,0
9/24/2020,7:45:00,0,ND,106.84,33.41,-0.08,0,2.53,0
9/24/2020,8:00:00,0,ND,107.19,33.52,-0.14,0,2.53,0
9/24/2020,8:15:00,0,ND,107.17,33.51,-0.14,0,2.53,0
9/24/2020,8:30:00,0,ND,107.09,33.49,-0.2,0,2.53,0
9/24/2020,8:45:00,0,ND,107.21,33.53,-0.18,0,2.53,0
9/24/2020,9:00:00,0,ND,107.36,33.57,-0.15,0,2.53,0
9/25/2020,0:45:00,0,ND,105.57,33,-0.02,0,2.52,0
9/25/2020,1:00:00,0,ND,105.22,32.89,-0.08,0,2.52,0
9/25/2020,1:15:00,0,ND,105.3,32.91,0.19,0,2.52,0
9/25/2020,1:30:00,0,ND,105.61,33.02,0.61,0,2.51,0
9/25/2020,1:45:00,0,ND,105.5,32.98,0.56,0,2.52,0
9/25/2020,2:00:00,0,ND,105.77,33.07,0.36,0,2.52,0
9/25/2020,2:15:00,0,ND,105.86,33.09,0.28,0,2.51,0
9/25/2020,2:30:00,0,ND,105.78,33.07,0.25,0,2.51,0
9/25/2020,2:45:00,0,ND,105.78,33.07,0.67,0,2.52,0
9/25/2020,3:00:00,0,ND,106.12,33.18,0.09,0,2.51,0
9/25/2020,3:15:00,0,ND,105.94,33.12,0.29,0,2.52,0
9/25/2020,3:30:00,0,ND,106.04,33.15,0.18,0,2.51,0
9/25/2020,3:45:00,0,ND,106.13,33.18,-0.07,0,2.51,0
9/25/2020,4:00:00,0,ND,106.01,33.14,0.67,0,2.51,0
9/25/2020,4:15:00,0,ND,106,33.14,0.2,0,2.51,0
9/25/2020,4:30:00,0,ND,106.08,33.17,0.5,0,2.51,0
9/25/2020,4:45:00,0,ND,106.25,33.22,0.24,0,2.51,0
9/25/2020,5:00:00,0,ND,106.06,33.16,0.19,0,2.51,0
9/25/2020,5:15:00,0,ND,106.11,33.17,0.64,0,2.51,0
9/25/2020,5:30:00,0,ND,106.1,33.17,0.06,0,2.51,0
9/25/2020,5:45:00,0,ND,106.38,33.26,0.39,0,2.51,0
9/25/2020,6:00:00,0,ND,106.29,33.23,-0.03,0,2.51,0
9/25/2020,6:15:00,0,ND,106.16,33.19,-0.1,0,2.51,0
9/25/2020,6:30:00,0,ND,106.27,33.23,-0.17,0,2.5,0
9/25/2020,6:45:00,0,ND,106.13,33.18,-0.17,0,2.51,0
9/25/2020,7:00:00,0,ND,106.07,33.16,-0.09,0,2.51,0
9/25/2020,7:15:00,0,ND,106.21,33.21,-0.08,0,2.51,0
9/25/2020,7:30:00,0,ND,105.98,33.13,-0.16,0,2.51,0
9/25/2020,7:45:00,0,ND,106.05,33.15,0.78,0,2.51,0
9/25/2020,8:00:00,0,ND,106.02,33.15,0.23,0,2.5,0
9/25/2020,8:15:00,0,ND,106.09,33.17,-0.08,0,2.51,0
9/25/2020,8:30:00,0,ND,106.11,33.17,-0.14,0,2.5,0
9/25/2020,8:45:00,0,ND,106.44,33.28,-0.12,0,2.51,0
9/25/2020,9:00:00,0,ND,104.85,32.77,-0.15,0,2.5,0
9/25/2020,9:15:00,0,ND,106.44,33.28,-0.17,0,2.51,0
9/25/2020,9:30:00,0,ND,105.99,33.14,-0.1,0,2.5,0
9/25/2020,9:45:00,0,ND,106.01,33.14,-0.01,0,2.51,0
9/25/2020,10:00:00,0,ND,105.77,33.06,-0.17,0,2.5,0
9/25/2020,10:15:00,0,ND,104.66,32.71,-0.17,0,2.51,0
9/25/2020,10:30:00,0,ND,105.45,32.96,-0.17,0,2.51,0
9/25/2020,10:45:00,0,ND,105.88,33.1,-0.04,0,2.5,0
9/25/2020,11:00:00,0,ND,105.78,33.07,-0.2,0,2.51,0
9/25/2020,11:15:00,0,ND,105.78,33.07,-0.15,0,2.51,0
9/25/2020,11:30:00,0,ND,106.02,33.14,-0.24,0,2.5,0
9/25/2020,11:45:00,0,ND,104.93,32.8,0.02,0,2.5,0
9/25/2020,12:00:00,0,ND,106.12,33.18,-0.13,0,2.51,0
9/25/2020,12:15:00,0,ND,106.76,33.38,-0.17,0,2.51,0
9/25/2020,12:30:00,0,ND,107.04,33.47,-0.07,0,2.5,0
9/25/2020,12:45:00,0,ND,107.23,33.53,-0.22,0,2.5,0
9/25/2020,13:00:00,0,ND,107.4,33.58,-0.22,0,2.51,0
9/25/2020,13:15:00,0,ND,107.3,33.55,-0.14,0,2.5,0
9/25/2020,13:30:00,0,ND,106.89,33.42,-0.09,0,2.5,0
9/25/2020,13:45:00,0,ND,107.07,33.48,-0.18,0,2.5,0
9/25/2020,14:00:00,0,ND,107.03,33.47,-0.23,0,2.5,0
9/25/2020,14:15:00,0,ND,106.86,33.41,-0.1,0,2.51,0
9/25/2020,14:30:00,0,ND,106.73,33.37,-0.08,0,2.5,0
9/25/2020,14:45:00,0,ND,106.52,33.3,-0.16,0,2.51,0
9/25/2020,15:00:00,0,ND,106.5,33.3,-0.04,0,2.5,0
9/25/2020,15:15:00,0,ND,106.09,33.17,-0.19,0,2.51,0
9/25/2020,15:30:00,0,ND,105.99,33.14,-0.12,0,2.5,0
9/25/2020,15:45:00,0,ND,106.43,33.28,-0.04,0,2.5,0
9/25/2020,16:00:00,0,ND,104.75,32.74,0,0,2.5,0
9/25/2020,16:15:00,0,ND,105.68,33.04,-0.1,0,2.5,0
9/25/2020,16:30:00,0,ND,105.42,32.95,-0.02,0,2.5,0
9/25/2020,16:45:00,0,ND,105.55,33,-0.16,0,2.51,0
9/25/2020,17:00:00,0,ND,105.62,33.02,-0.12,0,2.5,0
9/25/2020,17:15:00,0,ND,105.16,32.87,-0.24,0,2.5,0
9/25/2020,17:30:00,0,ND,103.12,32.22,-0.05,0,2.5,0
9/25/2020,17:45:00,0,ND,104.2,32.56,-0.11,0,2.5,0
9/25/2020,18:00:00,0,ND,103.97,32.49,-0.17,0,2.5,0
9/25/2020,18:15:00,0,ND,104.65,32.71,-0.21,0,2.5,0
9/25/2020,18:30:00,0,ND,97.04,30.28,-0.02,0,2.5,0
9/25/2020,18:45:00,0,ND,104.47,32.65,-0.09,0,2.5,0
9/25/2020,19:00:00,0,ND,103.86,32.45,-0.19,0,2.5,0
9/25/2020,19:15:00,0,ND,103.78,32.43,-0.13,0,2.5,0
9/25/2020,19:30:00,0,ND,98.69,30.81,-0.25,0,2.5,0
9/25/2020,19:45:00,0,ND,103.48,32.33,-0.11,0,2.5,0
9/25/2020,20:00:00,0,ND,105.3,32.92,-0.15,0,2.49,0
9/25/2020,20:15:00,0,ND,104.97,32.81,-0.09,0,2.5,0
9/25/2020,20:30:00,0,ND,105.09,32.85,0.01,0,2.49,0
9/25/2020,20:45:00,0,ND,105.11,32.85,0.04,0,2.49,0
9/25/2020,21:00:00,0,ND,105.2,32.88,-0.07,0,2.49,0
9/25/2020,21:15:00,0,ND,104.83,32.76,-0.12,0,2.49,0
9/25/2020,21:30:00,0,ND,104.87,32.78,-0.03,0,2.49,0
9/25/2020,21:45:00,0,ND,104.86,32.77,0.14,0,2.49,0
9/25/2020,22:00:00,0,ND,104.7,32.72,0.05,0,2.49,0
9/25/2020,22:15:00,0,ND,105.07,32.84,0.03,0,2.49,0
9/25/2020,22:30:00,0,ND,104.72,32.73,-0.11,0,2.49,0
9/25/2020,22:45:00,0,ND,104.8,32.76,0.09,0,2.49,0
9/25/2020,23:00:00,0,ND,104.73,32.73,-0.05,0,2.49,0
9/25/2020,23:15:00,0,ND,104.84,32.77,0.11,0,2.49,0
9/25/2020,23:30:00,0,ND,104.87,32.78,0.04,0,2.49,0
9/25/2020,23:45:00,0,ND,105,32.82,0.09,0,2.49,0
9/26/2020,0:00:00,0,ND,105.18,32.88,1.07,0,2.49,0
9/26/2020,0:15:00,0,ND,105.12,32.86,-0.15,0,2.49,0
9/26/2020,0:30:00,0,ND,105.19,32.88,0.04,0,2.49,0
9/26/2020,0:45:00,0,ND,105.18,32.88,-0.03,0,2.48,0
9/26/2020,1:00:00,0,ND,105.06,32.84,-0.12,0,2.48,0
9/26/2020,1:15:00,0,ND,105,32.82,0.01,0,2.49,0
9/26/2020,1:30:00,0,ND,104.78,32.75,0.12,0,2.48,0
9/26/2020,1:45:00,0,ND,104.55,32.67,-0.01,0,2.48,0
9/26/2020,2:00:00,0,ND,104.18,32.56,0.77,0,2.48,0
9/26/2020,2:15:00,0,ND,104.08,32.53,-0.09,0,2.49,0
9/26/2020,2:30:00,0,ND,103.39,32.31,0.02,0,2.48,0
9/26/2020,2:45:00,0,ND,103.69,32.4,0.09,0,2.49,0
9/26/2020,3:00:00,0,ND,103.62,32.38,-0.09,0,2.48,0
9/26/2020,3:15:00,0,ND,103.62,32.38,-0.05,0,2.48,0
9/26/2020,3:30:00,0,ND,103.64,32.39,-0.07,0,2.48,0
9/26/2020,3:45:00,0,ND,103.77,32.43,-0.09,0,2.48,0
9/26/2020,4:00:00,0,ND,104.33,32.6,-0.03,0,2.48,0
9/26/2020,4:15:00,0,ND,103.72,32.41,-0.13,0,2.48,0
9/26/2020,4:30:00,0,ND,103.99,32.5,-0.1,0,2.48,0
9/26/2020,4:45:00,0,ND,104.8,32.75,-0.04,0,2.48,0
9/26/2020,5:00:00,0,ND,105.02,32.83,-0.04,0,2.48,0
9/26/2020,5:15:00,0,ND,104.6,32.69,-0.02,0,2.49,0
9/26/2020,5:30:00,0,ND,103.94,32.48,-0.02,0,2.48,0
9/26/2020,5:45:00,0,ND,104.03,32.51,-0.19,0,2.48,0
9/26/2020,6:00:00,0,ND,105,32.82,-0.08,0,2.48,0
9/26/2020,6:15:00,0,ND,105.68,33.04,-0.2,0,2.48,0
9/26/2020,6:30:00,0,ND,104.99,32.81,-0.06,0,2.48,0
9/26/2020,6:45:00,0,ND,105.68,33.04,-0.1,0,2.48,0
9/26/2020,7:00:00,0,ND,105.59,33.01,-0.17,0,2.48,0
9/26/2020,7:15:00,0,ND,105.69,33.04,-0.14,0,2.48,0
9/26/2020,7:30:00,0,ND,105.59,33.01,-0.02,0,2.48,0
9/26/2020,7:45:00,0,ND,105.59,33.01,-0.18,0,2.48,0
9/26/2020,8:00:00,0,ND,102.53,32.03,0.14,0,2.48,0
9/26/2020,8:15:00,0,ND,102.33,31.97,-0.07,0,2.48,0
9/26/2020,8:30:00,0,ND,102.81,32.12,-0.02,0,2.48,0
9/26/2020,8:45:00,0,ND,102.93,32.16,-0.18,0,2.48,0
9/26/2020,9:00:00,0,ND,103.4,32.31,-0.05,0,2.48,0
9/26/2020,9:15:00,0,ND,103.62,32.38,0.04,0,2.48,0
9/26/2020,9:30:00,0,ND,103.72,32.41,-0.05,0,2.48,0
9/26/2020,9:45:00,0,ND,103.67,32.4,-0.12,0,2.48,0
9/26/2020,10:00:00,0,ND,103.75,32.42,-0.15,0,2.48,0
9/26/2020,10:15:00,0,ND,103.76,32.42,-0.1,0,2.49,0
9/26/2020,10:30:00,0,ND,103.34,32.29,-0.13,0,2.48,0
9/26/2020,10:45:00,0,ND,102.76,32.1,-0.23,0,2.48,0
9/26/2020,11:00:00,0,ND,103.27,32.27,0.11,0,2.48,0
9/26/2020,11:15:00,0,ND,103.21,32.25,-0.25,0,2.48,0
9/26/2020,11:30:00,0,ND,103.63,32.38,-0.03,0,2.48,0
9/26/2020,11:45:00,0,ND,102.25,31.94,-0.13,0,2.48,0
9/26/2020,12:00:00,0,ND,99.65,31.11,0.4,0,2.48,0
9/26/2020,12:15:00,0,ND,102.12,31.9,0.64,0,2.49,0
9/26/2020,12:30:00,0,ND,102.25,31.94,0.44,0,2.49,0
9/26/2020,12:45:00,0,ND,101.76,31.79,1.6,0,2.48,0
9/26/2020,13:00:00,0,ND,100.76,31.47,0.51,0,2.48,0
9/26/2020,13:15:00,0,ND,100.57,31.4,0.02,0,2.49,0
9/26/2020,13:30:00,0,ND,101.63,31.74,0.18,0,2.49,0
9/26/2020,13:45:00,0,ND,101.19,31.6,0.13,0,2.49,0
9/26/2020,14:00:00,0,ND,99.92,31.2,0.49,0,2.49,0
9/26/2020,14:15:00,0,ND,100.7,31.45,0.21,0,2.49,0
9/26/2020,14:30:00,0,ND,100.66,31.43,1.78,0,2.49,0
9/26/2020,14:45:00,0,ND,100.97,31.53,0,0,2.49,0
9/26/2020,15:00:00,0,ND,100.58,31.41,0.56,0,2.49,0
9/26/2020,15:15:00,0,ND,100.86,31.5,0.12,0,2.49,0
9/26/2020,15:30:00,0,ND,100.41,31.35,0.11,0,2.49,0
9/26/2020,15:45:00,0,ND,100.92,31.52,-0.13,0,2.49,0
9/26/2020,16:00:00,0,ND,99.08,30.93,-0.08,0,2.49,0
9/26/2020,16:15:00,0,ND,100.35,31.34,-0.21,0,2.49,0
9/26/2020,16:30:00,0,ND,100.51,31.38,-0.22,0,2.49,0
9/26/2020,16:45:00,0,ND,100.55,31.4,-0.2,0,2.49,0
9/26/2020,17:00:00,0,ND,100.3,31.32,0.08,0,2.48,0
9/26/2020,17:15:00,0,ND,100.75,31.46,-0.12,0,2.49,0
9/26/2020,17:30:00,0,ND,100.79,31.48,-0.05,0,2.49,0
9/26/2020,17:45:00,0,ND,97.51,30.43,-0.01,0,2.49,0
9/26/2020,18:00:00,0,ND,99.61,31.1,-0.12,0,2.49,0
9/26/2020,18:15:00,0,ND,99.71,31.13,-0.06,0,2.49,0
9/26/2020,18:30:00,0,ND,98.92,30.88,-0.05,0,2.49,0
9/26/2020,18:45:00,0,ND,100.48,31.38,0.13,0,2.49,0
9/26/2020,19:00:00,0,ND,99.87,31.18,-0.13,0,2.49,0
9/26/2020,19:15:00,0,ND,99.79,31.15,0,0,2.49,0
9/26/2020,19:30:00,0,ND,100.07,31.24,-0.02,0,2.49,0
9/26/2020,19:45:00,0,ND,99.82,31.17,0,0,2.49,0
9/26/2020,20:00:00,0,ND,100.09,31.25,-0.04,0,2.49,0
9/26/2020,20:15:00,0,ND,99.27,30.99,-0.03,0,2.49,0
9/26/2020,20:30:00,0,ND,100.21,31.29,-0.06,0,2.49,0
9/26/2020,20:45:00,0,ND,100,31.22,-0.12,0,2.49,0
9/26/2020,21:00:00,0,ND,99.9,31.19,-0.09,0,2.49,0
9/26/2020,21:15:00,0,ND,100.28,31.31,-0.15,0,2.49,0
9/26/2020,21:30:00,0,ND,100.49,31.38,-0.12,0,2.49,0
9/26/2020,21:45:00,0,ND,100.3,31.32,-0.04,0,2.49,0
9/26/2020,22:00:00,0,ND,100.38,31.35,-0.17,0,2.49,0
9/26/2020,22:15:00,0,ND,100.53,31.39,-0.22,0,2.49,0
9/26/2020,22:30:00,0,ND,100.45,31.37,-0.21,0,2.48,0
9/26/2020,22:45:00,0,ND,100.34,31.33,-0.12,0,2.49,0
9/26/2020,23:00:00,0,ND,100.03,31.23,0.44,0,2.49,0
9/26/2020,23:15:00,0,ND,100.65,31.43,-0.09,0,2.49,0
9/26/2020,23:30:00,0,ND,100.63,31.43,0.02,0,2.49,0
9/26/2020,23:45:00,0,ND,100.53,31.39,0.06,0,2.49,0
9/27/2020,0:00:00,0,ND,100.46,31.37,-0.1,0,2.49,0
9/27/2020,0:15:00,0,ND,100.49,31.38,-0.13,0,2.49,0
9/27/2020,0:30:00,0,ND,100.18,31.28,-0.2,0,2.49,0
9/27/2020,0:45:00,0,ND,99.86,31.18,1.37,0,2.49,0
9/27/2020,1:00:00,0,ND,99.87,31.18,-0.14,0,2.49,0
9/27/2020,1:15:00,0,ND,100.34,31.33,-0.08,0,2.49,0
9/27/2020,1:30:00,0,ND,100.27,31.31,-0.15,0,2.49,0
9/27/2020,1:45:00,0,ND,100.3,31.32,-0.17,0,2.48,0
9/27/2020,2:00:00,0,ND,100.29,31.32,-0.16,0,2.49,0
9/27/2020,2:15:00,0,ND,100.18,31.28,-0.19,0,2.49,0
9/27/2020,2:30:00,0,ND,100.57,31.4,-0.23,0,2.49,0
9/27/2020,2:45:00,0,ND,100.4,31.35,-0.3,0,2.49,0
9/27/2020,3:00:00,0,ND,100.63,31.42,-0.07,0,2.49,0
9/27/2020,3:15:00,0,ND,100.67,31.44,-0.26,0,2.49,0
9/27/2020,3:30:00,0,ND,100.58,31.41,0.08,0,2.49,0
9/27/2020,3:45:00,0,ND,100.64,31.43,-0.24,0,2.49,0
9/27/2020,4:00:00,0,ND,100.68,31.44,-0.1,0,2.49,0
9/27/2020,4:15:00,0,ND,100.92,31.52,-0.18,0,2.48,0
9/27/2020,4:30:00,0,ND,100.88,31.5,-0.13,0,2.49,0
9/27/2020,4:45:00,0,ND,100.93,31.52,-0.25,0,2.49,0
9/27/2020,5:00:00,0,ND,100.91,31.51,-0.19,0,2.48,0
9/27/2020,5:15:00,0,ND,100.72,31.45,-0.22,0,2.49,0
9/27/2020,5:30:00,0,ND,100.73,31.46,-0.27,0,2.49,0
9/27/2020,5:45:00,0,ND,100.83,31.49,-0.17,0,2.49,0
9/27/2020,6:00:00,0,ND,100.93,31.52,-0.23,0,2.48,0
9/27/2020,6:15:00,0,ND,100.85,31.49,-0.18,0,2.49,0
9/27/2020,6:30:00,0,ND,100.77,31.47,-0.27,0,2.48,0
9/27/2020,6:45:00,0,ND,100.77,31.47,-0.2,0,2.49,0
9/27/2020,7:00:00,0,ND,100.12,31.26,-0.2,0,2.49,0
9/27/2020,7:15:00,0,ND,100.34,31.33,-0.18,0,2.49,0
9/27/2020,7:30:00,0,ND,101.53,31.71,-0.12,0,2.48,0
9/27/2020,7:45:00,0,ND,101.86,31.82,-0.21,0,2.49,0
9/27/2020,8:00:00,0,ND,101.68,31.76,-0.15,0,2.49,0
9/27/2020,8:15:00,0,ND,101.76,31.78,-0.06,0,2.49,0
9/27/2020,8:30:00,0,ND,100.83,31.49,-0.23,0,2.49,0
9/27/2020,8:45:00,0,ND,101.54,31.71,-0.24,0,2.49,0
9/27/2020,9:00:00,0,ND,101.69,31.76,-0.17,0,2.48,0
9/27/2020,9:15:00,0,ND,101.7,31.76,-0.12,0,2.49,0
9/27/2020,9:30:00,0,ND,101.95,31.85,0.11,0,2.49,0
9/27/2020,9:45:00,0,ND,101.81,31.8,-0.16,0,2.49,0
9/27/2020,10:00:00,0,ND,97.61,30.46,0.05,0,2.48,0
9/27/2020,10:15:00,0,ND,101.25,31.62,0.62,0,2.49,0
9/27/2020,10:30:00,0,ND,100.22,31.29,0.49,0,2.49,0
9/27/2020,10:45:00,0,ND,101.58,31.73,0.21,0,2.49,0
9/27/2020,11:00:00,0,ND,100.7,31.45,0.39,0,2.49,0
9/27/2020,11:15:00,0,ND,101.2,31.61,0.15,0,2.49,0
9/27/2020,11:30:00,0,ND,102.6,32.05,-0.13,0,2.49,0
9/27/2020,11:45:00,0,ND,96.3,30.04,0.29,0,2.49,0
9/27/2020,12:00:00,0,ND,102.37,31.98,-0.07,0,2.49,0
9/27/2020,12:15:00,0,ND,100.25,31.3,0.22,0,2.49,0
9/27/2020,12:30:00,0,ND,102.09,31.89,0.24,0,2.49,0
9/27/2020,12:45:00,0,ND,101.89,31.83,0.39,0,2.49,0
9/27/2020,13:00:00,0,ND,102.3,31.96,0.01,0,2.5,0
9/27/2020,13:15:00,0,ND,104.45,32.64,0.09,0,2.5,0
9/27/2020,13:30:00,0,ND,104.12,32.54,0.01,0,2.49,0
9/27/2020,13:45:00,0,ND,103.75,32.42,-0.03,0,2.5,0
9/27/2020,14:00:00,0,ND,103.83,32.45,0.06,0,2.5,0
9/27/2020,14:15:00,0,ND,104.75,32.74,-0.14,0,2.5,0
9/27/2020,14:30:00,0,ND,103.4,32.31,0,0,2.49,0
9/27/2020,14:45:00,0,ND,104.16,32.55,-0.12,0,2.5,0
9/27/2020,15:00:00,0,ND,105.85,33.09,-0.06,0,2.5,0
9/27/2020,15:15:00,0,ND,100.86,31.5,393.17,0,2.49,0
9/27/2020,15:30:00,0,ND,105.18,32.88,119.77,0,2.49,0
9/27/2020,15:45:00,0,ND,103.86,32.46,1.48,0,2.5,0
9/27/2020,16:00:00,0,ND,105.12,32.86,-0.16,0,2.49,0
9/27/2020,16:15:00,0,ND,104.45,32.64,3.38,0,2.5,0
9/27/2020,16:30:00,0,ND,103.98,32.49,132.82,0,2.5,0
9/27/2020,16:45:00,0,ND,104.2,32.57,5.73,0,2.5,0
9/27/2020,17:00:00,0,ND,104.39,32.63,1.15,0,2.5,0
9/27/2020,17:15:00,0,ND,103.42,32.32,1.09,0,2.5,0
9/27/2020,17:30:00,0,ND,104.4,32.63,713.19,0,2.5,0
9/27/2020,17:45:00,0,ND,103.84,32.45,35.63,0,2.5,0
9/27/2020,18:00:00,0,ND,104.57,32.68,1.37,0,2.5,0
9/27/2020,18:15:00,0,ND,103.58,32.37,0.13,0,2.5,0
9/27/2020,18:30:00,0,ND,102.96,32.17,3.91,0,2.5,0
9/27/2020,18:45:00,0,ND,103.73,32.41,0.15,0,2.5,0
9/27/2020,19:00:00,0,ND,103.73,32.41,0.26,0,2.5,0
9/27/2020,19:15:00,0,ND,103.84,32.45,-0.12,0,2.5,0
9/27/2020,19:30:00,0,ND,103.5,32.34,-0.21,0,2.5,0
9/27/2020,19:45:00,0,ND,103.72,32.41,-0.11,0,2.5,0
9/27/2020,20:00:00,0,ND,103.75,32.42,-0.11,0,2.49,0
9/27/2020,20:15:00,0,ND,104.49,32.66,-0.07,0,2.5,0
9/27/2020,20:30:00,0,ND,103.49,32.34,-0.13,0,2.5,0
9/27/2020,20:45:00,0,ND,103.16,32.23,-0.18,0,2.5,0
9/27/2020,21:00:00,0,ND,102.39,31.99,-0.21,0,2.5,0
9/27/2020,21:15:00,0,ND,103.08,32.2,-0.07,0,2.5,0
9/27/2020,21:30:00,0,ND,103.19,32.24,0.29,0,2.5,0
9/27/2020,21:45:00,0,ND,103.25,32.26,-0.16,0,2.5,0
9/27/2020,22:00:00,0,ND,103.26,32.26,-0.18,0,2.5,0
9/27/2020,22:15:00,0,ND,103.14,32.23,-0.11,0,2.5,0
9/27/2020,22:30:00,0,ND,103.11,32.22,-0.13,0,2.5,0
9/27/2020,22:45:00,0,ND,103.34,32.29,-0.02,0,2.5,0
9/27/2020,23:00:00,0,ND,102.75,32.1,0.25,0,2.5,0
9/27/2020,23:15:00,0,ND,102.34,31.97,-0.01,0,2.5,0
9/27/2020,23:30:00,0,ND,103.24,32.26,0.29,0,2.49,0
9/27/2020,23:45:00,0,ND,102.99,32.18,0.1,0,2.5,0
9/28/2020,0:00:00,0,ND,103.12,32.22,-0.04,0,2.5,0
9/28/2020,0:15:00,0,ND,103.14,32.22,-0.06,0,2.5,0
9/28/2020,0:30:00,0,ND,102.07,31.88,-0.13,0,2.5,0
9/28/2020,0:45:00,0,ND,102.29,31.95,0.14,0,2.5,0
9/28/2020,1:00:00,0,ND,102.25,31.94,-0.03,0,2.5,0
9/28/2020,1:15:00,0,ND,101.75,31.78,-0.18,0,2.5,0
9/28/2020,1:30:00,0,ND,101.24,31.62,0.07,0,2.5,0
9/28/2020,1:45:00,0,ND,101.08,31.57,0.02,0,2.5,0
9/28/2020,2:00:00,0,ND,100.08,31.25,-0.06,0,2.5,0
9/28/2020,2:15:00,0,ND,100.11,31.26,-0.12,0,2.5,0
9/28/2020,2:30:00,0,ND,99.99,31.22,0.29,0,2.5,0
9/28/2020,2:45:00,0,ND,99.99,31.22,-0.07,0,2.49,0
9/28/2020,3:00:00,0,ND,101.01,31.55,0.32,0,2.5,0
9/28/2020,3:15:00,0,ND,101.25,31.62,0.28,0,2.5,0
9/28/2020,3:30:00,0,ND,101.16,31.59,0.13,0,2.5,0
9/28/2020,3:45:00,0,ND,101.23,31.62,-0.03,0,2.5,0
9/28/2020,4:00:00,0,ND,100.86,31.5,0.01,0,2.49,0
9/28/2020,4:15:00,0,ND,101.54,31.71,0.08,0,2.49,0
9/28/2020,4:30:00,0,ND,101.48,31.7,0.02,0,2.49,0
9/28/2020,4:45:00,0,ND,101.38,31.66,0.1,0,2.5,0
9/28/2020,5:00:00,0,ND,101.5,31.7,-0.04,0,2.5,0
9/28/2020,5:15:00,0,ND,101.48,31.7,-0.06,0,2.49,0
9/28/2020,5:30:00,0,ND,102.23,31.93,0.03,0,2.5,0
9/28/2020,5:45:00,0,ND,102.28,31.95,-0.03,0,2.5,0
9/28/2020,6:00:00,0,ND,102.31,31.96,0.07,0,2.5,0
9/28/2020,6:15:00,0,ND,102.36,31.98,0.26,0,2.5,0
9/28/2020,6:30:00,0,ND,102.4,31.99,0.17,0,2.49,0
9/28/2020,6:45:00,0,ND,102.29,31.95,1.23,0,2.5,0
9/28/2020,7:00:00,0,ND,102.48,32.01,-0.12,0,2.49,0
9/28/2020,7:15:00,0,ND,102.61,32.06,-0.02,0,2.5,0
9/28/2020,7:30:00,0,ND,102.24,31.94,-0.08,0,2.49,0
9/28/2020,7:45:00,0,ND,102.72,32.09,-0.06,0,2.5,0
9/28/2020,8:00:00,0,ND,103.03,32.19,-0.16,0,2.49,0
9/28/2020,8:15:00,0,ND,102.67,32.08,-0.03,0,2.5,0
9/28/2020,8:30:00,0,ND,103.22,32.25,-0.13,0,2.5,0
9/28/2020,8:45:00,0,ND,103.16,32.23,0.02,0,2.5,0
9/28/2020,9:00:00,0,ND,103.35,32.29,0.25,0,2.5,0
9/28/2020,9:15:00,0,ND,103.07,32.2,0.01,0,2.5,0
9/28/2020,9:30:00,0,ND,103.8,32.43,-0.14,0,2.49,0
9/28/2020,9:45:00,0,ND,103.61,32.38,-0.18,0,2.5,0
9/28/2020,10:00:00,0,ND,103.38,32.3,-0.24,0,2.5,0
9/28/2020,10:15:00,0,ND,103.21,32.25,0.1,0,2.5,0
9/28/2020,10:30:00,0,ND,103.34,32.29,-0.09,0,2.49,0
9/28/2020,10:45:00,0,ND,102.62,32.06,-0.15,0,2.5,0
9/28/2020,11:00:00,0,ND,102.75,32.1,-0.18,0,2.5,0
9/28/2020,11:15:00,0,ND,102.63,32.06,-0.1,0,2.5,0
9/28/2020,11:30:00,0,ND,102.1,31.89,-0.09,0,2.5,0
9/28/2020,11:45:00,0,ND,100.98,31.53,0.36,0,2.5,0
9/28/2020,12:00:00,0,ND,101.75,31.78,0.3,0,2.5,0
9/28/2020,12:15:00,0,ND,102.06,31.88,0.13,0,2.5,0
9/28/2020,12:30:00,0,ND,102.09,31.89,-0.17,0,2.5,0
9/28/2020,12:45:00,0,ND,101.23,31.62,0.06,0,2.5,0
9/28/2020,13:00:00,0,ND,102,31.86,-0.18,0,2.5,0
9/28/2020,13:15:00,0,ND,101.66,31.75,-0.04,0,2.5,0
9/28/2020,13:30:00,0,ND,101.7,31.77,0.09,0,2.5,0
9/28/2020,13:45:00,0,ND,101.82,31.8,0.76,0,2.51,0
9/28/2020,14:00:00,0,ND,102.02,31.87,0.02,0,2.51,0
9/28/2020,14:15:00,0,ND,101.55,31.72,0.09,0,2.51,0
9/28/2020,14:30:00,0,ND,101.61,31.74,-0.07,0,2.51,0
9/28/2020,14:45:00,0,ND,100.08,31.25,-0.16,0,2.51,0
9/28/2020,15:00:00,0,ND,101.39,31.67,-0.21,0,2.51,0
9/28/2020,15:15:00,0,ND,100.67,31.44,0.03,0,2.51,0
9/28/2020,15:30:00,0,ND,100.66,31.43,-0.05,0,2.51,0
9/28/2020,15:45:00,0,ND,102.32,31.96,0.1,0,2.51,0
9/28/2020,16:00:00,0,ND,101.58,31.73,0,0,2.51,0
9/28/2020,16:15:00,0,ND,102.85,32.13,-0.01,0,2.51,0
9/28/2020,16:30:00,0,ND,101.37,31.66,-0.2,0,2.51,0
9/28/2020,16:45:00,0,ND,102.06,31.88,-0.21,0,2.51,0
9/28/2020,17:00:00,0,ND,101.68,31.76,-0.25,0,2.51,0
9/28/2020,17:15:00,0,ND,102.37,31.98,-0.2,0,2.51,0
9/28/2020,17:30:00,0,ND,101.26,31.63,-0.27,0,2.51,0
9/28/2020,17:45:00,0,ND,99.27,30.99,-0.29,0,2.51,0
9/28/2020,18:00:00,0,ND,99.31,31,-0.26,0,2.51,0
9/28/2020,18:15:00,0,ND,99.5,31.06,-0.15,0,2.51,0
9/28/2020,18:30:00,0,ND,99.74,31.14,-0.04,0,2.51,0
9/28/2020,18:45:00,0,ND,99.31,31,-0.01,0,2.51,0
9/28/2020,19:00:00,0,ND,101.85,31.81,-0.06,0,2.51,0
9/28/2020,19:15:00,0,ND,100.88,31.5,-0.18,0,2.51,0
9/28/2020,19:30:00,0,ND,100.03,31.23,-0.04,0,2.51,0
9/28/2020,19:45:00,0,ND,101.34,31.65,0,0,2.51,0
9/28/2020,20:00:00,0,ND,101.39,31.67,-0.19,0,2.51,0
9/28/2020,20:15:00,0,ND,101.68,31.76,-0.07,0,2.5,0
9/28/2020,20:30:00,0,ND,101.5,31.7,-0.09,0,2.51,0
9/28/2020,20:45:00,0,ND,101.48,31.7,-0.13,0,2.5,0
9/28/2020,21:00:00,0,ND,101.77,31.79,-0.19,0,2.51,0
9/28/2020,21:15:00,0,ND,101.32,31.64,-0.11,0,2.51,0
9/28/2020,21:30:00,0,ND,101.71,31.77,-0.19,0,2.51,0
9/28/2020,21:45:00,0,ND,101.62,31.74,-0.13,0,2.5,0
9/28/2020,22:00:00,0,ND,101.74,31.78,-0.07,0,2.51,0
9/28/2020,22:15:00,0,ND,101.83,31.81,-0.11,0,2.51,0
9/28/2020,22:30:00,0,ND,101.85,31.81,-0.16,0,2.5,0
9/28/2020,22:45:00,0,ND,101.78,31.79,-0.17,0,2.51,0
9/28/2020,23:00:00,0,ND,101.97,31.85,-0.12,0,2.5,0
9/28/2020,23:15:00,0,ND,102.16,31.91,-0.09,0,2.51,0
9/28/2020,23:30:00,0,ND,101.98,31.86,-0.04,0,2.51,0
9/28/2020,23:45:00,0,ND,102.75,32.1,-0.2,0,2.5,0
9/29/2020,0:00:00,0,ND,103.36,32.3,-0.29,0,2.51,0
9/29/2020,0:15:00,0,ND,104.09,32.53,-0.12,0,2.51,0
9/29/2020,0:30:00,0,ND,103.2,32.25,-0.11,0,2.5,0
9/29/2020,0:45:00,0,ND,104.09,32.53,-0.02,0,2.5,0
9/29/2020,4:00:00,0,ND,104.58,32.68,0.09,0,2.5,0
9/29/2020,4:15:00,0,ND,104.94,32.8,0.69,0,2.5,0
9/29/2020,4:30:00,0,ND,105,32.82,0.09,0,2.5,0
9/29/2020,4:45:00,0,ND,104.64,32.7,0.08,0,2.5,0
9/29/2020,5:00:00,0,ND,105.22,32.89,-0.11,0,2.5,0
9/29/2020,5:15:00,0,ND,105.08,32.84,0.31,0,2.5,0
9/29/2020,5:30:00,0,ND,105.19,32.88,-0.15,0,2.5,0
9/29/2020,5:45:00,0,ND,105.26,32.9,0.68,0,2.5,0
9/29/2020,6:00:00,0,ND,105.16,32.87,0.24,0,2.5,0
9/29/2020,6:15:00,0,ND,104.98,32.81,0.13,0,2.5,0
9/29/2020,6:30:00,0,ND,105.33,32.92,0.29,0,2.5,0
9/29/2020,6:45:00,0,ND,105.23,32.89,-0.19,0,2.5,0
9/29/2020,7:00:00,0,ND,105.14,32.87,-0.21,0,2.5,0
9/29/2020,7:15:00,0,ND,105.21,32.89,-0.25,0,2.5,0
9/29/2020,7:30:00,0,ND,104.91,32.79,-0.18,0,2.5,0
9/29/2020,7:45:00,0,ND,105.82,33.08,-0.19,0,2.5,0
9/29/2020,8:00:00,0,ND,105.62,33.02,-0.2,0,2.5,0
9/29/2020,8:15:00,0,ND,105.36,32.93,-0.12,0,2.5,0
9/29/2020,8:30:00,0,ND,105.57,33,-0.12,0,2.5,0
9/29/2020,8:45:00,0,ND,105.91,33.11,-0.14,0,2.5,0
9/29/2020,9:00:00,0,ND,105.95,33.12,-0.24,0,2.5,0
9/29/2020,9:15:00,0,ND,105.22,32.89,-0.27,0,2.5,0
9/29/2020,9:30:00,0,ND,106.02,33.14,-0.26,0,2.5,0
9/29/2020,9:45:00,0,ND,105.52,32.99,-0.27,0,2.5,0
9/29/2020,10:00:00,0,ND,105.8,33.07,0.28,0,2.5,0
9/29/2020,10:15:00,0,ND,105.97,33.13,-0.27,0,2.5,0
9/29/2020,10:30:00,0,ND,95.12,29.66,-0.1,0,2.5,0
9/29/2020,10:45:00,0,ND,95.47,29.78,-0.22,0,2.5,0
9/29/2020,11:00:00,0,ND,95.15,29.68,-0.07,0,2.5,0
9/29/2020,11:15:00,0,ND,94.16,29.36,-0.11,0,2.5,0
9/29/2020,11:30:00,0,ND,91.27,28.44,-0.33,0,2.5,0
9/29/2020,11:45:00,0,ND,92.72,28.9,-0.26,0,2.5,0
9/29/2020,12:00:00,0,ND,90.99,28.35,-0.08,0,2.5,0
9/29/2020,12:15:00,0,ND,90.34,28.14,-0.08,0,2.5,0
9/29/2020,12:30:00,0,ND,90.79,28.28,-0.27,0,2.5,0
9/29/2020,12:45:00,0,ND,88.07,27.41,-0.14,0,2.5,0
9/29/2020,13:00:00,0,ND,90.99,28.34,0.47,0,2.5,0
9/29/2020,13:15:00,0,ND,90.99,28.34,0.09,0,2.5,0
9/29/2020,13:30:00,0,ND,90.72,28.26,0.23,0,2.5,0
9/29/2020,13:45:00,0,ND,90.15,28.08,0.46,0,2.5,0
9/30/2020,0:30:00,0,ND,101.42,31.67,0.09,0,2.5,0
9/30/2020,0:45:00,0,ND,101.62,31.74,-0.01,0,2.5,0
9/30/2020,1:00:00,0,ND,101.78,31.79,0.04,0,2.5,0
9/30/2020,1:15:00,0,ND,101.97,31.85,-0.04,0,2.5,0
9/30/2020,1:30:00,0,ND,101.97,31.85,-0.01,0,2.5,0
9/30/2020,1:45:00,0,ND,102.54,32.03,-0.07,0,2.5,0
9/30/2020,2:00:00,0,ND,102.81,32.12,0.16,0,2.5,0
9/30/2020,2:15:00,0,ND,103.15,32.23,-0.09,0,2.5,0
9/30/2020,2:30:00,0,ND,104.18,32.56,-0.12,0,2.5,0
9/30/2020,2:45:00,0,ND,103.96,32.49,-0.02,0,2.5,0
9/30/2020,3:00:00,0,ND,104.1,32.53,-0.03,0,2.5,0
9/30/2020,3:15:00,0,ND,104.55,32.68,0.03,0,2.5,0
9/30/2020,3:30:00,0,ND,104.56,32.68,-0.07,0,2.5,0
9/30/2020,3:45:00,0,ND,104.7,32.72,-0.03,0,2.5,0
9/30/2020,4:00:00,0,ND,104.58,32.68,0.15,0,2.5,0
9/30/2020,4:15:00,0,ND,104.17,32.55,0.01,0,2.5,0
9/30/2020,4:30:00,0,ND,103.78,32.43,-0.03,0,2.49,0
9/30/2020,4:45:00,0,ND,104.55,32.67,0.02,0,2.49,0
9/30/2020,5:00:00,0,ND,104.4,32.63,0.05,0,2.49,0
9/30/2020,5:15:00,0,ND,105.11,32.85,0.03,0,2.49,0
9/30/2020,5:30:00,0,ND,105.36,32.94,0,0,2.5,0
9/30/2020,5:45:00,0,ND,104.32,32.6,0.01,0,2.49,0
9/30/2020,6:00:00,0,ND,105.09,32.85,0.06,0,2.5,0
9/30/2020,6:15:00,0,ND,105.13,32.86,0.04,0,2.5,0
9/30/2020,6:30:00,0,ND,105.16,32.87,0.2,0,2.5,0
9/30/2020,6:45:00,0,ND,105.27,32.91,0.23,0,2.5,0
9/30/2020,7:00:00,0,ND,105.78,33.07,0,0,2.5,0
9/30/2020,7:15:00,0,ND,105.58,33,0.55,0,2.5,0
9/30/2020,7:30:00,0,ND,106.25,33.22,0.1,0,2.5,0
9/30/2020,7:45:00,0,ND,105.98,33.13,0.32,0,2.5,0
9/30/2020,8:00:00,0,ND,106.73,33.37,0.31,0,2.49,0
9/30/2020,8:15:00,0,ND,106.34,33.25,0.21,0,2.5,0
9/30/2020,8:30:00,0,ND,106.18,33.2,0.02,0,2.49,0
9/30/2020,8:45:00,0,ND,106.47,33.29,0.35,0,2.49,0
9/30/2020,9:00:00,0,ND,106.85,33.41,0.19,0,2.49,0
9/30/2020,9:15:00,0,ND,106.66,33.35,0.3,0,2.49,0
9/30/2020,9:30:00,0,ND,104.75,32.74,0.28,0,2.49,0
9/30/2020,9:45:00,0,ND,107.07,33.48,0.01,0,2.49,0
9/30/2020,10:00:00,0,ND,107.63,33.66,0.34,0,2.49,0
9/30/2020,10:15:00,0,ND,108.59,33.97,0.26,0,2.5,0
9/30/2020,10:30:00,0,ND,107.8,33.71,0.32,0,2.49,0
9/30/2020,10:45:00,0,ND,107.01,33.46,1.18,0,2.5,0
9/30/2020,11:00:00,0,ND,105.66,33.03,1.46,0,2.5,0
9/30/2020,11:15:00,0,ND,103.68,32.4,1.38,0,2.5,0
9/30/2020,11:30:00,0,ND,104.7,32.72,1.17,0,2.49,0
9/30/2020,11:45:00,0,ND,104.86,32.77,1.12,0,2.5,0
9/30/2020,12:00:00,0,ND,102.62,32.06,1.75,0,2.5,0
9/30/2020,12:15:00,0,ND,104.8,32.75,0.22,0,2.5,0
9/30/2020,12:30:00,0,ND,105.85,33.09,0.53,0,2.5,0
9/30/2020,12:45:00,0,ND,104.62,32.7,0.15,0,2.5,0
9/30/2020,13:00:00,0,ND,104.01,32.5,0.83,0,2.5,0
9/30/2020,13:15:00,0,ND,104.5,32.66,0.31,0,2.5,0
9/30/2020,13:30:00,0,ND,104.59,32.69,-0.06,0,2.5,0
9/30/2020,13:45:00,0,ND,104.1,32.53,0.25,0,2.5,0
9/30/2020,14:00:00,0,ND,104.54,32.67,0.23,0,2.5,0
9/30/2020,14:15:00,0,ND,102.89,32.15,1.63,0,2.5,0
9/30/2020,14:30:00,0,ND,103.94,32.48,0.83,0,2.5,0
9/30/2020,14:45:00,0,ND,103.16,32.23,0.46,0,2.5,0
9/30/2020,15:00:00,0,ND,102.65,32.07,0.1,0,2.5,0
9/30/2020,15:15:00,0,ND,103.61,32.38,0.05,0,2.5,0
9/30/2020,15:30:00,0,ND,102.77,32.11,0.1,0,2.5,0
9/30/2020,15:45:00,0,ND,104,32.5,-0.21,0,2.51,0
9/30/2020,16:00:00,0,ND,103.7,32.41,0.34,0,2.5,0
9/30/2020,16:15:00,0,ND,104.06,32.52,0.46,0,2.5,0
9/30/2020,16:30:00,0,ND,104.76,32.74,0.19,0,2.5,0
9/30/2020,16:45:00,0,ND,105.1,32.85,0.86,0,2.5,0
9/30/2020,17:00:00,0,ND,105.94,33.12,0.12,0,2.5,0
9/30/2020,17:15:00,0,ND,105.98,33.13,-0.06,0,2.5,0
9/30/2020,17:30:00,0,ND,106.12,33.18,0.06,0,2.49,0
9/30/2020,17:45:00,0,ND,105.99,33.14,0.12,0,2.5,0
9/30/2020,18:00:00,0,ND,105.82,33.08,-0.11,0,2.5,0
9/30/2020,18:15:00,0,ND,105.74,33.06,-0.07,0,2.49,0
9/30/2020,18:30:00,0,ND,105.59,33.01,-0.11,0,2.49,0
9/30/2020,18:45:00,0,ND,106.27,33.23,0.23,0,2.5,0
9/30/2020,19:00:00,0,ND,105.88,33.1,-0.09,0,2.49,0
9/30/2020,19:15:00,0,ND,105.96,33.13,0.03,0,2.49,0
9/30/2020,19:30:00,0,ND,106.09,33.17,0.12,0,2.49,0
9/30/2020,19:45:00,0,ND,106.02,33.15,-0.03,0,2.5,0
9/30/2020,20:00:00,0,ND,103.36,32.29,-0.01,0,2.49,0
9/30/2020,20:15:00,0,ND,103.39,32.31,0.03,0,2.49,0
9/30/2020,20:30:00,0,ND,103.4,32.31,-0.09,0,2.49,0
9/30/2020,20:45:00,0,ND,103.4,32.31,-0.03,0,2.49,0
9/30/2020,21:00:00,0,ND,103.22,32.25,-0.07,0,2.49,0
9/30/2020,21:15:00,0,ND,106.57,33.32,0.02,0,2.49,0
9/30/2020,21:30:00,0,ND,105.29,32.91,0.06,0,2.49,0
9/30/2020,21:45:00,0,ND,105.39,32.94,-0.06,0,2.49,0
9/30/2020,22:00:00,0,ND,105.4,32.95,-0.11,0,2.49,0
9/30/2020,22:15:00,0,ND,105.18,32.88,0.15,0,2.49,0
9/30/2020,22:30:00,0,ND,105.38,32.94,-0.08,0,2.49,0
9/30/2020,22:45:00,0,ND,105.32,32.92,0.12,0,2.49,0
9/30/2020,23:00:00,0,ND,105.49,32.98,0.12,0,2.48,0
9/30/2020,23:15:00,0,ND,105.71,33.04,0.01,0,2.49,0
9/30/2020,23:30:00,0,ND,105.83,33.08,-0.03,0,2.49,0
9/30/2020,23:45:00,0,ND,106.22,33.21,0.47,0,2.49,0
10/1/2020,0:00:00,0,ND,106.12,33.18,0.03,0,2.49,0
10/1/2020,0:15:00,0,ND,106.27,33.22,0.03,0,2.49,0
10/1/2020,0:30:00,0,ND,107.06,33.48,0.08,0,2.48,0
10/1/2020,0:45:00,0,ND,107.51,33.62,0.19,0,2.49,0
10/1/2020,1:00:00,0,ND,107.6,33.65,0.48,0,2.49,0
10/1/2020,1:15:00,0,ND,107.3,33.55,0.21,0,2.49,0
10/1/2020,1:30:00,0,ND,107.65,33.67,-0.13,0,2.49,0
10/1/2020,1:45:00,0,ND,107.7,33.68,-0.1,0,2.49,0
10/1/2020,2:00:00,0,ND,107.85,33.73,-0.03,0,2.49,0
10/1/2020,2:15:00,0,ND,108.04,33.79,0.12,0,2.49,0
10/1/2020,2:30:00,0,ND,107.79,33.71,-0.08,0,2.48,0
10/1/2020,2:45:00,0,ND,107.9,33.75,-0.06,0,2.48,0
10/1/2020,3:00:00,0,ND,108.1,33.81,0.74,0,2.49,0
10/1/2020,3:15:00,0,ND,108.23,33.85,0.78,0,2.49,0
10/1/2020,3:30:00,0,ND,108.29,33.87,0.54,0,2.48,0
10/1/2020,3:45:00,0,ND,108.21,33.85,0.6,0,2.49,0
10/1/2020,4:00:00,0,ND,108.12,33.82,0.49,0,2.49,0
10/1/2020,4:15:00,0,ND,108.12,33.82,0.55,0,2.49,0
10/1/2020,4:30:00,0,ND,100.94,31.52,0.59,0,2.49,0
10/1/2020,4:45:00,0,ND,103.57,32.36,-0.04,0,2.49,0
10/1/2020,5:00:00,0,ND,104.51,32.66,0.18,0,2.48,0
10/1/2020,5:15:00,0,ND,103.77,32.43,-0.01,0,2.49,0
10/1/2020,5:30:00,0,ND,104.22,32.57,0.12,0,2.48,0
10/1/2020,5:45:00,0,ND,108.74,34.01,-0.06,0,2.49,0
10/1/2020,6:00:00,0,ND,108.76,34.02,-0.06,0,2.48,0
10/1/2020,6:15:00,0,ND,108.72,34.01,0,0,2.49,0
10/1/2020,6:30:00,0,ND,108.64,33.98,0.22,0,2.48,0
10/1/2020,6:45:00,0,ND,109.01,34.1,0.03,0,2.49,0
10/1/2020,7:00:00,0,ND,109.06,34.12,0.15,0,2.48,0
10/1/2020,7:15:00,0,ND,109.27,34.18,0.07,0,2.48,0
10/1/2020,7:30:00,0,ND,109.26,34.18,0.06,0,2.48,0
10/1/2020,7:45:00,0,ND,109.4,34.22,0.33,0,2.49,0
10/1/2020,8:00:00,0,ND,109.62,34.29,0.11,0,2.48,0
10/1/2020,8:15:00,0,ND,109.81,34.35,0.05,0,2.49,0
10/1/2020,8:30:00,0,ND,109.57,34.28,0.16,0,2.48,0
10/1/2020,8:45:00,0,ND,109.65,34.3,-0.04,0,2.49,0
10/1/2020,9:00:00,0,ND,108.96,34.08,0.16,0,2.48,0
10/1/2020,9:15:00,0,ND,109.73,34.33,0.01,0,2.48,0
10/1/2020,9:30:00,0,ND,109.5,34.26,-0.04,0,2.48,0
10/1/2020,9:45:00,0,ND,110.5,34.58,0.1,0,2.49,0
10/1/2020,10:00:00,0,ND,110.86,34.69,-0.09,0,2.48,0
10/1/2020,10:15:00,0,ND,112.03,35.06,0.08,0,2.48,0
10/1/2020,10:30:00,0,ND,111.15,34.78,0.28,0,2.48,0
10/1/2020,10:45:00,0,ND,110.27,34.5,0.29,0,2.49,0
10/1/2020,11:00:00,0,ND,108.51,33.94,0.3,0,2.49,0
10/1/2020,11:15:00,0,ND,109,34.1,0.07,0,2.48,0
10/1/2020,11:30:00,0,ND,109.53,34.27,0.21,0,2.49,0
10/1/2020,11:45:00,0,ND,106.95,33.44,0.03,0,2.48,0
10/1/2020,12:00:00,0,ND,108.44,33.92,0.2,0,2.49,0
10/1/2020,12:15:00,0,ND,108.2,33.84,0.65,0,2.49,0
10/1/2020,12:30:00,0,ND,108.54,33.95,0.25,0,2.49,0
10/1/2020,12:45:00,0,ND,108.23,33.85,0.14,0,2.49,0
10/1/2020,13:00:00,0,ND,107.97,33.77,0.15,0,2.49,0
10/1/2020,13:15:00,0,ND,107.76,33.7,-0.04,0,2.49,0
10/1/2020,13:30:00,0,ND,107.45,33.6,0.09,0,2.49,0
10/1/2020,13:45:00,0,ND,106.06,33.16,0.07,0,2.5,0
10/1/2020,14:00:00,0,ND,105.68,33.04,0.3,0,2.49,0
10/1/2020,14:15:00,0,ND,105.63,33.02,0.19,0,2.49,0
10/1/2020,14:30:00,0,ND,104.93,32.8,0.41,0,2.49,0
10/1/2020,14:45:00,0,ND,105.02,32.83,0.24,0,2.5,0
10/1/2020,15:00:00,0,ND,105.25,32.9,-0.16,0,2.49,0
10/1/2020,15:15:00,0,ND,105.51,32.98,-0.1,0,2.49,0
10/1/2020,15:30:00,0,ND,106.1,33.17,-0.23,0,2.49,0
10/1/2020,15:45:00,0,ND,105.73,33.05,0.01,0,2.5,0
10/1/2020,16:00:00,0,ND,106.25,33.22,-0.1,0,2.5,0
10/1/2020,16:15:00,0,ND,102.12,31.9,-0.23,0,2.5,0
10/1/2020,16:30:00,0,ND,106.06,33.16,-0.17,0,2.5,0
10/1/2020,16:45:00,0,ND,106.16,33.19,-0.23,0,2.5,0
10/1/2020,17:00:00,0,ND,105.64,33.02,-0.07,0,2.49,0
10/1/2020,17:15:00,0,ND,105.66,33.03,-0.02,0,2.5,0
10/1/2020,17:30:00,0,ND,105.69,33.04,-0.21,0,2.49,0
10/1/2020,17:45:00,0,ND,105.7,33.04,-0.05,0,2.5,0
10/1/2020,18:00:00,0,ND,105.65,33.03,0.04,0,2.49,0
10/1/2020,18:15:00,0,ND,106.01,33.14,-0.08,0,2.5,0
10/1/2020,18:30:00,0,ND,106.03,33.15,-0.04,0,2.49,0
10/1/2020,18:45:00,0,ND,106.12,33.18,-0.16,0,2.49,0
10/1/2020,19:00:00,0,ND,106.05,33.15,-0.16,0,2.49,0
10/1/2020,19:15:00,0,ND,105.97,33.13,-0.16,0,2.49,0
10/1/2020,19:30:00,0,ND,105.88,33.1,-0.12,0,2.49,0
10/1/2020,19:45:00,0,ND,106.07,33.16,-0.08,0,2.49,0
10/1/2020,20:00:00,0,ND,104.14,32.54,-0.18,0,2.49,0
10/1/2020,20:15:00,0,ND,105.66,33.03,-0.14,0,2.49,0
10/1/2020,20:30:00,0,ND,104.93,32.8,-0.14,0,2.49,0
10/1/2020,20:45:00,0,ND,106.06,33.16,0.26,0,2.49,0
10/1/2020,21:00:00,0,ND,105.88,33.1,-0.15,0,2.48,0
10/1/2020,21:15:00,0,ND,105.9,33.11,-0.02,0,2.49,0
10/1/2020,21:30:00,0,ND,105.46,32.97,-0.04,0,2.48,0
10/1/2020,21:45:00,0,ND,106.28,33.23,-0.19,0,2.49,0
10/1/2020,22:00:00,0,ND,106.21,33.2,-0.12,0,2.49,0
10/1/2020,22:15:00,0,ND,105.28,32.91,-0.14,0,2.49,0
10/1/2020,22:30:00,0,ND,106.57,33.32,0.07,0,2.49,0
10/1/2020,22:45:00,0,ND,106.6,33.33,0.23,0,2.49,0
10/1/2020,23:00:00,0,ND,106.28,33.23,-0.08,0,2.48,0
10/1/2020,23:15:00,0,ND,106.58,33.32,-0.21,0,2.49,0
10/1/2020,23:30:00,0,ND,105.57,33,-0.21,0,2.48,0
10/1/2020,23:45:00,0,ND,106.81,33.4,0,0,2.49,0
10/2/2020,0:00:00,0,ND,106.89,33.42,0.21,0,2.48,0
10/2/2020,0:15:00,0,ND,106.95,33.44,-0.08,0,2.49,0
10/2/2020,0:30:00,0,ND,101.48,31.7,0.09,0,2.48,0
10/2/2020,0:45:00,0,ND,106.9,33.43,-0.11,0,2.48,0
10/2/2020,1:00:00,0,ND,107.36,33.57,-0.08,0,2.48,0
10/2/2020,1:15:00,0,ND,106.94,33.44,-0.17,0,2.48,0
10/2/2020,1:30:00,0,ND,107.5,33.62,-0.02,0,2.48,0
10/2/2020,1:45:00,0,ND,107.63,33.66,-0.1,0,2.48,0
10/2/2020,2:00:00,0,ND,107.3,33.55,-0.1,0,2.48,0
10/2/2020,2:15:00,0,ND,107.79,33.71,0.05,0,2.48,0
10/2/2020,2:30:00,0,ND,107.75,33.7,-0.1,0,2.48,0
10/2/2020,2:45:00,0,ND,107.87,33.74,-0.16,0,2.48,0
10/2/2020,3:00:00,0,ND,107.9,33.75,0.1,0,2.48,0
10/2/2020,3:15:00,0,ND,107.85,33.73,-0.11,0,2.48,0
10/2/2020,3:30:00,0,ND,107.93,33.76,-0.11,0,2.48,0
10/2/2020,3:45:00,0,ND,107.98,33.77,0,0,2.48,0
10/2/2020,4:00:00,0,ND,107.86,33.73,-0.12,0,2.48,0
10/2/2020,4:15:00,0,ND,108.01,33.78,-0.14,0,2.48,0
10/2/2020,4:30:00,0,ND,108.08,33.8,-0.12,0,2.48,0
10/2/2020,4:45:00,0,ND,108.21,33.84,0.26,0,2.48,0
10/2/2020,5:00:00,0,ND,108.17,33.83,-0.13,0,2.48,0
10/2/2020,5:15:00,0,ND,108.14,33.82,-0.14,0,2.48,0
10/2/2020,5:30:00,0,ND,108.21,33.85,-0.07,0,2.48,0
10/2/2020,5:45:00,0,ND,108.11,33.81,0.09,0,2.48,0
10/2/2020,6:00:00,0,ND,108.27,33.86,-0.13,0,2.48,0
10/2/2020,6:15:00,0,ND,108.23,33.85,0.29,0,2.48,0
10/2/2020,6:30:00,0,ND,108.48,33.93,0.12,0,2.48,0
10/2/2020,6:45:00,0,ND,108.48,33.93,0.04,0,2.48,0
10/2/2020,7:00:00,0,ND,108.27,33.86,-0.03,0,2.48,0
10/2/2020,7:15:00,0,ND,108.18,33.83,0.04,0,2.48,0
10/2/2020,7:30:00,0,ND,108.27,33.86,0.31,0,2.48,0
10/2/2020,7:45:00,0,ND,108.71,34,-0.01,0,2.48,0
10/2/2020,8:00:00,0,ND,109,34.1,0.19,0,2.48,0
10/2/2020,8:15:00,0,ND,108.5,33.94,0.35,0,2.48,0
10/2/2020,8:30:00,0,ND,109.14,34.14,0.3,0,2.48,0
10/2/2020,8:45:00,0,ND,109.88,34.38,0.01,0,2.48,0
10/2/2020,9:00:00,0,ND,110.03,34.42,0.29,0,2.48,0
10/2/2020,9:15:00,0,ND,110.66,34.63,0.07,0,2.48,0
10/2/2020,9:30:00,0,ND,109.64,34.3,0.19,0,2.48,0
10/2/2020,9:45:00,0,ND,110.76,34.66,0.8,0,2.48,0
10/2/2020,10:00:00,0,ND,110.53,34.58,0.18,0,2.47,0
10/2/2020,10:15:00,0,ND,111.42,34.87,0.4,0,2.48,0
10/2/2020,10:30:00,0,ND,111.42,34.87,0.59,0,2.47,0
10/2/2020,10:45:00,0,ND,112.55,35.23,-0.08,0,2.48,0
10/2/2020,11:00:00,0,ND,112.27,35.14,0.01,0,2.47,0
10/2/2020,11:15:00,0,ND,112.97,35.36,0.09,0,2.48,0
10/2/2020,11:30:00,0,ND,111.04,34.75,0.06,0,2.48,0
10/2/2020,11:45:00,0,ND,107.91,33.75,0.08,0,2.48,0
10/2/2020,12:00:00,0,ND,106.81,33.4,0.3,0,2.48,0
10/2/2020,12:15:00,0,ND,108.09,33.8,0.54,0,2.48,0
10/2/2020,12:30:00,0,ND,85.46,26.58,0.26,0,2.48,0
10/2/2020,12:45:00,0,ND,88.55,27.57,-0.02,0,2.48,0
10/2/2020,13:00:00,0,ND,88.02,27.4,0.28,0,2.48,0
10/2/2020,13:15:00,0,ND,87.73,27.3,-0.15,0,2.49,0
10/2/2020,13:30:00,0,ND,88.02,27.4,-0.07,0,2.48,0
10/2/2020,13:45:00,0,ND,87.56,27.25,-0.01,0,2.49,0
10/2/2020,14:00:00,0,ND,87.12,27.11,0.77,0,2.49,0
10/2/2020,14:15:00,0,ND,88.92,27.69,0.04,0,2.49,0
10/2/2020,14:30:00,0,ND,96.94,30.25,0.7,0,2.49,0
10/2/2020,14:45:00,0,ND,97.46,30.41,0.13,0,2.49,0
10/2/2020,15:00:00,0,ND,95.54,29.8,0.47,0,2.49,0
10/2/2020,15:15:00,0,ND,96.48,30.1,0.28,0,2.49,0
10/2/2020,15:30:00,0,ND,100.11,31.26,0.1,0,2.49,0
10/2/2020,15:45:00,0,ND,88.66,27.6,0.19,0,2.49,0
10/2/2020,16:00:00,0,ND,95.49,29.78,-0.09,0,2.49,0
10/2/2020,16:15:00,0,ND,94.91,29.6,-0.12,0,2.49,0
10/2/2020,16:30:00,0,ND,96.7,30.17,-0.09,0,2.48,0
10/2/2020,16:45:00,0,ND,98.17,30.64,0.2,0,2.49,0
10/2/2020,17:00:00,0,ND,102.42,32,-0.1,0,2.49,0
10/2/2020,17:15:00,0,ND,102.78,32.11,-0.2,0,2.49,0
10/2/2020,17:30:00,0,ND,102.66,32.07,-0.09,0,2.48,0
10/2/2020,17:45:00,0,ND,102.87,32.14,-0.02,0,2.48,0
10/2/2020,18:00:00,0,ND,102.94,32.16,-0.05,0,2.48,0
10/2/2020,18:15:00,0,ND,102.88,32.14,-0.13,0,2.48,0
10/2/2020,18:30:00,0,ND,102.43,32,-0.09,0,2.48,0
10/2/2020,18:45:00,0,ND,102.71,32.09,-0.19,0,2.48,0
10/2/2020,19:00:00,0,ND,101.92,31.84,-0.15,0,2.48,0
10/2/2020,19:15:00,0,ND,102.13,31.9,-0.13,0,2.48,0
10/2/2020,19:30:00,0,ND,102.47,32.01,-0.11,0,2.48,0
10/2/2020,19:45:00,0,ND,102.93,32.16,-0.1,0,2.48,0
10/2/2020,20:00:00,0,ND,102.89,32.15,0.04,0,2.48,0
10/2/2020,20:15:00,0,ND,102.07,31.88,-0.02,0,2.48,0
10/2/2020,20:30:00,0,ND,105.51,32.98,0.07,0,2.47,0
10/2/2020,20:45:00,0,ND,105.66,33.03,-0.06,0,2.48,0
10/2/2020,21:00:00,0,ND,105.61,33.01,-0.1,0,2.47,0
10/2/2020,21:15:00,0,ND,105.7,33.04,0.01,0,2.48,0
10/2/2020,21:30:00,0,ND,105.65,33.03,-0.09,0,2.47,0
10/2/2020,21:45:00,0,ND,103.31,32.28,0.24,0,2.48,0
10/2/2020,22:00:00,0,ND,103.32,32.28,-0.07,0,2.47,0
10/2/2020,22:15:00,0,ND,103.2,32.24,-0.1,0,2.47,0
10/2/2020,22:30:00,0,ND,103.12,32.22,-0.04,0,2.47,0
10/2/2020,22:45:00,0,ND,103.25,32.26,0.13,0,2.47,0
10/2/2020,23:00:00,0,ND,103.37,32.3,-0.06,0,2.47,0
10/2/2020,23:15:00,0,ND,103.25,32.26,0.03,0,2.47,0
10/2/2020,23:30:00,0,ND,103.62,32.38,0.02,0,2.47,0
10/2/2020,23:45:00,0,ND,103.41,32.31,0.02,0,2.47,0
10/3/2020,0:00:00,0,ND,103.74,32.42,-0.08,0,2.47,0
10/3/2020,0:15:00,0,ND,99.45,31.05,-0.06,0,2.47,0
10/3/2020,0:30:00,0,ND,99.28,30.99,-0.17,0,2.47,0
10/3/2020,0:45:00,0,ND,99.13,30.94,-0.04,0,2.47,0
10/3/2020,1:00:00,0,ND,99.07,30.93,-0.06,0,2.47,0
10/3/2020,1:15:00,0,ND,99.2,30.97,-0.12,0,2.47,0
10/3/2020,1:30:00,0,ND,99.02,30.91,-0.07,0,2.47,0
10/3/2020,1:45:00,0,ND,99.02,30.91,0.04,0,2.47,0
10/3/2020,2:00:00,0,ND,98.79,30.84,0.11,0,2.47,0
10/3/2020,2:15:00,0,ND,99.28,30.99,0.79,0,2.47,0
10/3/2020,2:30:00,0,ND,98.06,30.6,-0.03,0,2.47,0
10/3/2020,2:45:00,0,ND,98.41,30.72,-0.11,0,2.47,0
10/3/2020,3:00:00,0,ND,98.31,30.68,-0.09,0,2.47,0
10/3/2020,3:15:00,0,ND,98.05,30.6,0.03,0,2.47,0
10/3/2020,3:30:00,0,ND,98.08,30.61,-0.13,0,2.47,0
10/3/2020,3:45:00,0,ND,97.41,30.4,0.02,0,2.47,0
10/3/2020,4:00:00,0,ND,98.11,30.62,-0.05,0,2.47,0
10/3/2020,4:15:00,0,ND,98.42,30.72,-0.03,0,2.47,0
10/3/2020,4:30:00,0,ND,98.34,30.69,-0.06,0,2.47,0
10/3/2020,4:45:00,0,ND,102.2,31.93,0.06,0,2.47,0
10/3/2020,5:00:00,0,ND,103.15,32.23,0.09,0,2.47,0
10/3/2020,5:15:00,0,ND,103.39,32.3,0.21,0,2.47,0
10/3/2020,5:30:00,0,ND,94.1,29.34,0.02,0,2.46,0
10/3/2020,5:45:00,0,ND,94.29,29.4,0.31,0,2.47,0
10/3/2020,6:00:00,0,ND,95.3,29.72,0.23,0,2.47,0
10/3/2020,6:15:00,0,ND,95.08,29.65,0.23,0,2.47,0
10/3/2020,6:30:00,0,ND,108.77,34.02,0.64,0,2.47,0
10/3/2020,6:45:00,0,ND,108.29,33.87,0.15,0,2.47,0
10/3/2020,7:00:00,0,ND,107.3,33.55,0.19,0,2.47,0
10/3/2020,7:15:00,0,ND,108.65,33.99,0.14,0,2.47,0
10/3/2020,7:30:00,0,ND,108.48,33.93,0.27,0,2.47,0
10/3/2020,7:45:00,0,ND,109.7,34.32,-0.01,0,2.47,0
10/3/2020,8:00:00,0,ND,109.38,34.22,0.22,0,2.46,0
10/3/2020,8:15:00,0,ND,109.61,34.29,-0.08,0,2.47,0
10/3/2020,8:30:00,0,ND,109.73,34.33,0.13,0,2.47,0
10/3/2020,8:45:00,0,ND,109.44,34.24,0.15,0,2.47,0
10/3/2020,9:00:00,0,ND,109.72,34.33,-0.16,0,2.46,0
10/3/2020,9:15:00,0,ND,110.24,34.49,0.15,0,2.47,0
10/3/2020,9:30:00,0,ND,109.91,34.39,0.07,0,2.46,0
10/3/2020,9:45:00,0,ND,110.14,34.46,-0.15,0,2.47,0
10/3/2020,10:00:00,0,ND,110.01,34.42,-0.11,0,2.46,0
10/3/2020,10:15:00,0,ND,110.34,34.53,-0.06,0,2.46,0
10/3/2020,10:30:00,0,ND,110.36,34.53,-0.19,0,2.47,0
10/3/2020,10:45:00,0,ND,111,34.74,-0.16,0,2.47,0
10/3/2020,11:00:00,0,ND,107.55,33.63,0.48,0,2.47,0
10/3/2020,11:15:00,0,ND,106.64,33.34,0.11,0,2.47,0
10/3/2020,11:30:00,0,ND,107.86,33.73,-0.23,0,2.47,0
10/3/2020,11:45:00,0,ND,108.14,33.82,-0.09,0,2.47,0
10/3/2020,12:00:00,0,ND,109.18,34.15,-0.12,0,2.47,0
10/3/2020,12:15:00,0,ND,108.53,33.95,0.16,0,2.47,0
10/3/2020,12:30:00,0,ND,108.15,33.83,-0.01,0,2.47,0
10/3/2020,12:45:00,0,ND,107.88,33.74,-0.27,0,2.47,0
10/3/2020,13:00:00,0,ND,109.36,34.21,-0.23,0,2.47,0
10/3/2020,13:15:00,0,ND,108.73,34.01,-0.02,0,2.48,0
10/3/2020,13:30:00,0,ND,109.08,34.12,-0.24,0,2.47,0
10/3/2020,13:45:00,0,ND,108.27,33.86,0.22,0,2.47,0
10/3/2020,14:00:00,0,ND,107.28,33.55,0.02,0,2.47,0
10/3/2020,14:15:00,0,ND,107.98,33.77,-0.03,0,2.48,0
10/3/2020,14:30:00,0,ND,108,33.78,-0.09,0,2.47,0
10/3/2020,14:45:00,0,ND,105.11,32.85,0.49,0,2.48,0
10/3/2020,15:00:00,0,ND,106.4,33.27,0.03,0,2.48,0
10/3/2020,15:15:00,0,ND,107.93,33.76,-0.26,0,2.48,0
10/3/2020,15:30:00,0,ND,106.73,33.37,-0.26,0,2.48,0
10/3/2020,15:45:00,0,ND,106.52,33.31,-0.24,0,2.48,0
10/3/2020,16:00:00,0,ND,106.59,33.33,-0.26,0,2.48,0
10/3/2020,16:15:00,0,ND,106.44,33.28,-0.27,0,2.48,0
10/3/2020,16:30:00,0,ND,106.78,33.39,-0.34,0,2.47,0
10/3/2020,16:45:00,0,ND,106.02,33.15,-0.14,0,2.48,0
10/3/2020,17:00:00,0,ND,110.4,34.54,-0.19,0,2.47,0
10/3/2020,17:15:00,0,ND,109.78,34.35,-0.19,0,2.48,0
10/3/2020,17:30:00,0,ND,108.33,33.88,-0.17,0,2.47,0
10/3/2020,17:45:00,0,ND,108.04,33.79,-0.22,0,2.47,0
10/3/2020,18:00:00,0,ND,108.19,33.84,-0.25,0,2.47,0
10/3/2020,18:15:00,0,ND,107.76,33.7,-0.13,0,2.47,0
10/3/2020,18:30:00,0,ND,108.27,33.86,-0.25,0,2.47,0
10/3/2020,18:45:00,0,ND,108.2,33.84,-0.2,0,2.47,0
10/3/2020,19:00:00,0,ND,108.21,33.84,-0.28,0,2.47,0
10/3/2020,19:15:00,0,ND,108.42,33.91,-0.25,0,2.47,0
10/3/2020,19:30:00,0,ND,108.26,33.86,0.22,0,2.47,0
10/3/2020,19:45:00,0,ND,107.92,33.75,-0.17,0,2.47,0
10/3/2020,20:00:00,0,ND,108.24,33.85,-0.21,0,2.47,0
10/3/2020,20:15:00,0,ND,108.31,33.87,-0.18,0,2.47,0
10/3/2020,20:30:00,0,ND,108.5,33.94,-0.18,0,2.46,0
10/3/2020,20:45:00,0,ND,100.83,31.49,-0.27,0,2.47,0
10/3/2020,21:00:00,0,ND,101.35,31.65,-0.05,0,2.46,0
10/3/2020,21:15:00,0,ND,100.8,31.48,-0.16,0,2.46,0
10/3/2020,21:30:00,0,ND,91.72,28.58,-0.1,0,2.46,0
10/3/2020,21:45:00,0,ND,103.06,32.2,0.02,0,2.46,0
10/3/2020,22:00:00,0,ND,102.76,32.1,-0.15,0,2.46,0
10/3/2020,22:15:00,0,ND,102.47,32.01,-0.17,0,2.46,0
10/3/2020,22:30:00,0,ND,102.03,31.87,0.12,0,2.46,0
10/3/2020,22:45:00,0,ND,102.25,31.94,0.01,0,2.46,0
10/3/2020,23:00:00,0,ND,101.92,31.83,0.01,0,2.46,0
10/3/2020,23:15:00,0,ND,102.37,31.98,-0.13,0,2.46,0
10/3/2020,23:30:00,0,ND,102.75,32.1,-0.07,0,2.45,0
10/3/2020,23:45:00,0,ND,102.85,32.13,-0.19,0,2.46,0
10/4/2020,0:00:00,0,ND,97.08,30.29,-0.02,0,2.46,0
10/4/2020,0:15:00,0,ND,99.01,30.91,-0.07,0,2.46,0
10/4/2020,0:30:00,0,ND,99.23,30.98,-0.09,0,2.46,0
10/4/2020,0:45:00,0,ND,99.41,31.03,-0.12,0,2.46,0
10/4/2020,1:00:00,0,ND,99.82,31.17,-0.17,0,2.45,0
10/4/2020,1:15:00,0,ND,105.36,32.94,-0.06,0,2.46,0
10/4/2020,1:30:00,0,ND,105.66,33.03,0.06,0,2.46,0
10/4/2020,1:45:00,0,ND,105.16,32.87,0.05,0,2.46,0
10/4/2020,2:00:00,0,ND,105.94,33.12,-0.18,0,2.46,0
10/4/2020,2:15:00,0,ND,105.65,33.03,-0.03,0,2.45,0
10/4/2020,2:30:00,0,ND,105.95,33.12,-0.16,0,2.46,0
10/4/2020,2:45:00,0,ND,105.73,33.05,-0.03,0,2.46,0
10/4/2020,3:00:00,0,ND,106.9,33.43,0.03,0,2.45,0
10/4/2020,3:15:00,0,ND,106.87,33.42,-0.11,0,2.46,0
10/4/2020,3:30:00,0,ND,106.91,33.43,-0.1,0,2.45,0
10/4/2020,3:45:00,0,ND,106.36,33.25,-0.08,0,2.46,0
10/4/2020,4:00:00,0,ND,107.22,33.53,-0.03,0,2.46,0
10/4/2020,4:15:00,0,ND,107.5,33.62,-0.08,0,2.46,0
10/4/2020,4:30:00,0,ND,107.54,33.63,0.12,0,2.45,0
10/4/2020,4:45:00,0,ND,107.11,33.49,0.1,0,2.46,0
10/4/2020,5:00:00,0,ND,107.26,33.54,-0.13,0,2.45,0
10/4/2020,5:15:00,0,ND,108.24,33.85,-0.15,0,2.46,0
10/4/2020,5:30:00,0,ND,108.1,33.81,-0.02,0,2.45,0
10/4/2020,5:45:00,0,ND,107.64,33.66,0.21,0,2.46,0
10/4/2020,6:00:00,0,ND,108.14,33.82,0.02,0,2.45,0
10/4/2020,6:15:00,0,ND,108.41,33.91,0.14,0,2.46,0
10/4/2020,6:30:00,0,ND,108.53,33.95,0.25,0,2.45,0
10/4/2020,6:45:00,0,ND,108.95,34.08,0.21,0,2.45,0
10/4/2020,7:00:00,0,ND,109.53,34.27,0.26,0,2.45,0
10/4/2020,7:15:00,0,ND,109.52,34.26,0.29,0,2.46,0
10/4/2020,7:30:00,0,ND,109.01,34.1,-0.05,0,2.45,0
10/4/2020,7:45:00,0,ND,109.28,34.19,0.2,0,2.45,0
10/4/2020,8:00:00,0,ND,109.7,34.32,0,0,2.45,0
10/4/2020,8:15:00,0,ND,110.21,34.48,0.01,0,2.45,0
10/4/2020,8:30:00,0,ND,110.29,34.51,0.02,0,2.45,0
10/4/2020,8:45:00,0,ND,110.35,34.53,0.07,0,2.45,0
10/4/2020,9:00:00,0,ND,110.32,34.52,-0.14,0,2.45,0
10/4/2020,9:15:00,0,ND,110,34.42,0.02,0,2.45,0
10/4/2020,9:30:00,0,ND,109.85,34.37,0.26,0,2.45,0
10/4/2020,9:45:00,0,ND,109.7,34.32,-0.1,0,2.45,0
10/4/2020,10:00:00,0,ND,110.49,34.57,-0.19,0,2.45,0
10/4/2020,10:15:00,0,ND,110.81,34.67,-0.17,0,2.45,0
10/4/2020,10:30:00,0,ND,110.89,34.7,-0.28,0,2.45,0
10/4/2020,10:45:00,0,ND,110.31,34.51,-0.08,0,2.46,0
10/4/2020,11:00:00,0,ND,109.18,34.15,-0.01,0,2.45,0
10/4/2020,11:15:00,0,ND,109.08,34.12,-0.09,0,2.45,0
10/4/2020,11:30:00,0,ND,108.8,34.03,-0.27,0,2.45,0
10/4/2020,11:45:00,0,ND,108.39,33.9,0.02,0,2.46,0
10/4/2020,12:00:00,0,ND,109.09,34.12,-0.2,0,2.45,0
10/4/2020,12:15:00,0,ND,107.96,33.76,-0.08,0,2.46,0
10/4/2020,12:30:00,0,ND,108.03,33.79,0.11,0,2.46,0
10/4/2020,12:45:00,0,ND,106.9,33.43,0.59,0,2.46,0
10/4/2020,13:00:00,0,ND,107.57,33.64,-0.23,0,2.46,0
10/4/2020,13:15:00,0,ND,106.47,33.29,0.29,0,2.46,0
10/4/2020,13:30:00,0,ND,107.42,33.59,0.15,0,2.46,0
10/4/2020,13:45:00,0,ND,107.1,33.49,-0.01,0,2.47,0
10/4/2020,14:00:00,0,ND,102.77,32.11,0.01,0,2.46,0
10/4/2020,14:15:00,0,ND,104.09,32.53,0.28,0,2.47,0
10/4/2020,14:30:00,0,ND,106.45,33.28,-0.12,0,2.47,0
10/4/2020,14:45:00,0,ND,107.06,33.48,0.03,0,2.46,0
10/4/2020,15:00:00,0,ND,107.51,33.62,-0.08,0,2.46,0
10/4/2020,15:15:00,0,ND,104.66,32.71,-0.07,0,2.47,0
10/4/2020,15:30:00,0,ND,104.83,32.77,0.08,0,2.47,0
10/4/2020,15:45:00,0,ND,98.9,30.87,-0.04,0,2.47,0
10/4/2020,16:00:00,0,ND,98.93,30.88,-0.13,0,2.46,0
10/4/2020,16:15:00,0,ND,105.2,32.88,0.48,0,2.47,0
6/10/2020,11:00:30,0,ND,0.06,0,1.99,2,2.81,0.2
6/10/2020,11:00:40,0,ND,0.06,0,1.99,2,2.81,0.2
6/10/2020,11:00:50,0,ND,0.06,0,2,2,2.81,0.2
6/10/2020,11:01:00,0,ND,0.06,0,2,2,2.8,0.2
6/10/2020,11:01:10,0,ND,-208892300,4.85E+35,2.01,2,2.81,0.2
10/4/2020,18:00:00,0,ND,107.65,33.66,-0.35,0,2.46,0
10/4/2020,18:15:00,0,ND,106.91,33.43,-0.06,0,2.47,0
10/4/2020,18:30:00,0,ND,106.9,33.43,-0.21,0,2.46,0
10/4/2020,18:45:00,0,ND,106.93,33.43,-0.15,0,2.47,0
6/10/2020,11:02:10,0,ND,0.06,0,2.04,2,2.8,0.2
6/10/2020,11:02:20,0,ND,0.06,0,2.03,2,2.81,0.2
6/10/2020,11:02:30,0,ND,0.06,0,2.03,2,2.81,0.2
6/10/2020,11:02:40,0,ND,0.07,0,2.02,2,2.81,0.2
6/10/2020,11:02:50,0,ND,0.06,0,2.02,2,2.8,0.2
6/10/2020,11:03:00,0,ND,0.07,0,2.02,2,2.8,0.2
6/10/2020,11:03:10,0,ND,0.07,0,2.02,2,2.81,0.2
6/10/2020,11:03:20,0,ND,0.07,0,2.02,2,2.81,0.2
6/10/2020,11:03:30,0,ND,0.06,0,2.01,2,2.8,0.2
6/10/2020,11:03:40,0,ND,0.06,0,2.02,2,2.8,0.2
6/10/2020,11:03:50,0,ND,0.06,0,2.02,2,2.81,0.2
6/10/2020,11:04:00,0,ND,0.06,0,2.03,2,2.81,0.2
6/10/2020,11:04:10,0,ND,0.06,0,2.06,2,2.8,0.2
6/10/2020,11:04:20,0,ND,0.06,0,2.08,2,2.8,0.2
6/10/2020,11:04:30,0,ND,0.06,0,2.12,2,2.81,0.2
6/10/2020,11:04:40,0,ND,0.06,0,2.14,2,2.81,0.2
6/10/2020,11:04:50,0,ND,0.06,0,2.16,2,2.8,0.2
6/10/2020,11:05:00,0,ND,0.06,0,2.19,2,2.8,0.2
6/10/2020,11:05:10,0,ND,0.06,0,2.23,2,2.8,0.2
6/10/2020,11:05:20,0,ND,0,-3013.34,0,4.06E+31,0,2.93E+35
10/5/2020,0:00:00,0,ND,107.85,33.73,0.29,0,2.45,0
10/5/2020,0:15:00,0,ND,107.9,33.75,-0.08,0,2.45,0
10/5/2020,0:30:00,0,ND,107.73,33.69,-0.02,0,2.44,0
10/5/2020,0:45:00,0,ND,107.78,33.71,-0.15,0,2.45,0
10/5/2020,1:00:00,0,ND,107.4,33.59,0.08,0,2.44,0
10/5/2020,1:15:00,0,ND,107.74,33.69,-0.01,0,2.45,0
10/5/2020,1:30:00,0,ND,107.26,33.54,-0.11,0,2.45,0
10/5/2020,1:45:00,0,ND,107.74,33.69,-0.08,0,2.45,0
10/5/2020,2:00:00,0,ND,107.84,33.73,-0.11,0,2.45,0
10/5/2020,2:15:00,0,ND,107.86,33.73,0.12,0,2.45,0
10/5/2020,2:30:00,0,ND,107.93,33.76,0.12,0,2.44,0
10/5/2020,2:45:00,0,ND,108.02,33.78,0.4,0,2.45,0
10/5/2020,3:00:00,0,ND,107.57,33.64,-0.08,0,2.44,0
10/5/2020,3:15:00,0,ND,107.56,33.64,0.19,0,2.45,0
10/5/2020,3:30:00,0,ND,107.29,33.55,-0.18,0,2.45,0
10/5/2020,3:45:00,0,ND,108.82,34.04,0.11,0,2.45,0
10/5/2020,4:00:00,0,ND,108.76,34.02,0.03,0,2.44,0
10/5/2020,4:15:00,0,ND,108.64,33.98,0.01,0,2.45,0
10/5/2020,4:30:00,0,ND,108.78,34.03,0.17,0,2.44,0
10/5/2020,4:45:00,0,ND,108.85,34.05,0.29,0,2.45,0
10/5/2020,5:00:00,0,ND,108.98,34.09,0.15,0,2.44,0
10/5/2020,5:15:00,0,ND,109.35,34.21,0.25,0,2.45,0
10/5/2020,5:30:00,0,ND,109.27,34.18,0.29,0,2.44,0
10/5/2020,5:45:00,0,ND,109.2,34.16,0.01,0,2.45,0
10/5/2020,6:00:00,0,ND,109.41,34.23,-0.1,0,2.44,0
10/5/2020,6:15:00,0,ND,109.18,34.16,0.14,0,2.45,0
10/5/2020,6:30:00,0,ND,109.35,34.21,0.1,0,2.44,0
10/5/2020,6:45:00,0,ND,109.26,34.18,0.66,0,2.44,0
10/5/2020,7:00:00,0,ND,109.17,34.15,-0.02,0,2.44,0
10/5/2020,7:15:00,0,ND,109.6,34.29,0.26,0,2.44,0
10/5/2020,7:30:00,0,ND,109.54,34.27,0.05,0,2.44,0
10/5/2020,7:45:00,0,ND,109.41,34.23,-0.08,0,2.45,0
10/5/2020,8:00:00,0,ND,109.64,34.3,-0.08,0,2.44,0
10/5/2020,8:15:00,0,ND,109.68,34.31,-0.04,0,2.45,0
10/5/2020,8:30:00,0,ND,109.66,34.31,-0.01,0,2.44,0
10/5/2020,8:45:00,0,ND,110.02,34.42,-0.04,0,2.44,0
10/5/2020,9:00:00,0,ND,110.23,34.49,0,0,2.44,0
10/5/2020,9:15:00,0,ND,110.39,34.54,-0.01,0,2.45,0
10/5/2020,9:30:00,0,ND,110.87,34.69,-0.05,0,2.44,0
10/5/2020,9:45:00,0,ND,111.06,34.75,-0.11,0,2.44,0
10/5/2020,10:00:00,0,ND,111.64,34.94,-0.02,0,2.44,0
10/5/2020,10:15:00,0,ND,111.84,35,-0.05,0,2.45,0
10/5/2020,10:30:00,0,ND,110.09,34.44,-0.16,0,2.44,0
10/5/2020,10:45:00,0,ND,109.68,34.31,-0.04,0,2.45,0
10/5/2020,11:00:00,0,ND,108.47,33.93,-0.2,0,2.44,0
10/5/2020,11:15:00,0,ND,108.67,33.99,-0.12,0,2.45,0
10/5/2020,11:30:00,0,ND,108.73,34.01,-0.14,0,2.45,0
10/5/2020,11:45:00,0,ND,109.31,34.19,-0.11,0,2.45,0
10/5/2020,12:00:00,0,ND,110.38,34.54,-0.17,0,2.45,0
10/5/2020,12:15:00,0,ND,109.5,34.26,0.07,0,2.45,0
10/5/2020,12:30:00,0,ND,109.29,34.19,0.06,0,2.45,0
10/5/2020,12:45:00,0,ND,108.24,33.85,0.43,0,2.45,0
10/5/2020,13:00:00,0,ND,107.39,33.58,0.5,0,2.45,0
10/5/2020,13:15:00,0,ND,108.38,33.9,0.2,0,2.45,0
10/5/2020,13:30:00,0,ND,107.48,33.61,0.7,0,2.45,0
10/5/2020,13:45:00,0,ND,105.54,32.99,0.77,0,2.46,0
10/5/2020,14:00:00,0,ND,105.48,32.97,0.02,0,2.45,0
10/5/2020,14:15:00,0,ND,107.49,33.61,0.23,0,2.46,0
10/5/2020,14:30:00,0,ND,105.17,32.87,1.22,0,2.45,0
10/5/2020,14:45:00,0,ND,107.78,33.71,0.01,0,2.46,0
10/5/2020,15:00:00,0,ND,106.78,33.39,-0.05,0,2.46,0
10/5/2020,15:15:00,0,ND,106.08,33.16,-0.16,0,2.46,0
10/5/2020,15:30:00,0,ND,106.25,33.22,-0.09,0,2.45,0
10/5/2020,15:45:00,0,ND,106.85,33.41,-0.15,0,2.46,0
10/5/2020,16:00:00,0,ND,107.71,33.69,-0.14,0,2.46,0
10/5/2020,16:15:00,0,ND,107.38,33.58,-0.08,0,2.46,0
10/5/2020,16:30:00,0,ND,104.7,32.72,-0.12,0,2.45,0
10/5/2020,16:45:00,0,ND,107.04,33.47,-0.16,0,2.46,0
10/5/2020,17:00:00,0,ND,107.3,33.55,-0.17,0,2.46,0
10/5/2020,17:15:00,0,ND,105.63,33.02,-0.2,0,2.46,0
10/5/2020,17:30:00,0,ND,107.32,33.56,-0.13,0,2.45,0
10/5/2020,17:45:00,0,ND,108.46,33.93,-0.13,0,2.46,0
10/5/2020,18:00:00,0,ND,107.4,33.59,-0.13,0,2.45,0
10/5/2020,18:15:00,0,ND,108.45,33.92,0,0,2.46,0
10/5/2020,18:30:00,0,ND,108.29,33.87,-0.13,0,2.45,0
10/5/2020,18:45:00,0,ND,108.61,33.97,-0.18,0,2.46,0
10/5/2020,19:00:00,0,ND,108.43,33.91,-0.16,0,2.45,0
10/5/2020,19:15:00,0,ND,108.56,33.96,-0.14,0,2.45,0
10/5/2020,19:30:00,0,ND,108.69,34,-0.18,0,2.45,0
10/5/2020,19:45:00,0,ND,106.92,33.43,-0.15,0,2.45,0
10/5/2020,20:00:00,0,ND,107.59,33.65,0,0,2.45,0
10/5/2020,20:15:00,0,ND,107.78,33.71,-0.08,0,2.45,0
10/5/2020,20:30:00,0,ND,108.97,34.09,0.28,0,2.45,0
10/5/2020,20:45:00,0,ND,108.82,34.04,-0.02,0,2.44,0
10/5/2020,21:00:00,0,ND,108.33,33.88,0.16,0,2.44,0
10/5/2020,21:15:00,0,ND,109.26,34.18,1.46,0,2.44,0
10/5/2020,21:30:00,0,ND,109.16,34.15,0.51,0,2.44,0
10/5/2020,21:45:00,0,ND,109.2,34.16,-0.05,0,2.45,0
10/5/2020,22:00:00,0,ND,109.39,34.22,0.06,0,2.44,0
10/5/2020,22:15:00,0,ND,109.27,34.18,0.16,0,2.45,0
10/5/2020,22:30:00,0,ND,109.39,34.22,0.26,0,2.44,0
10/5/2020,22:45:00,0,ND,108.48,33.93,0.39,0,2.44,0
10/5/2020,23:00:00,0,ND,109.59,34.28,0.06,0,2.44,0
10/5/2020,23:15:00,0,ND,109.48,34.25,0.04,0,2.44,0
10/5/2020,23:30:00,0,ND,109.11,34.13,-0.05,0,2.43,0
10/5/2020,23:45:00,0,ND,109.5,34.26,-0.04,0,2.44,0
10/6/2020,0:00:00,0,ND,109.55,34.27,0.03,0,2.44,0
10/6/2020,0:15:00,0,ND,109.65,34.3,-0.03,0,2.44,0
10/6/2020,0:30:00,0,ND,109.8,34.35,-0.09,0,2.44,0
10/6/2020,0:45:00,0,ND,109.87,34.37,0,0,2.44,0
10/6/2020,1:00:00,0,ND,110.05,34.43,0.08,0,2.44,0
10/6/2020,1:15:00,0,ND,109.92,34.39,0.14,0,2.44,0
10/6/2020,1:30:00,0,ND,110.1,34.45,0.06,0,2.44,0
10/6/2020,1:45:00,0,ND,110.12,34.45,0.39,0,2.44,0
10/6/2020,2:00:00,0,ND,110.12,34.45,0.2,0,2.43,0
10/6/2020,2:15:00,0,ND,110.09,34.44,0.1,0,2.44,0
10/6/2020,2:30:00,0,ND,110.19,34.48,0.09,0,2.44,0
10/6/2020,2:45:00,0,ND,110.16,34.47,0.02,0,2.44,0
10/6/2020,3:00:00,0,ND,110.14,34.46,0.06,0,2.44,0
10/6/2020,3:15:00,0,ND,110.1,34.45,0.02,0,2.44,0
10/6/2020,3:30:00,0,ND,109.9,34.39,0.02,0,2.43,0
10/6/2020,3:45:00,0,ND,109.99,34.41,0.26,0,2.44,0
10/6/2020,4:00:00,0,ND,110.13,34.46,0.05,0,2.44,0
10/6/2020,4:15:00,0,ND,110.08,34.44,0.37,0,2.44,0
10/6/2020,4:30:00,0,ND,110.24,34.49,0.06,0,2.44,0
10/6/2020,4:45:00,0,ND,110.3,34.51,0.04,0,2.44,0
10/6/2020,5:00:00,0,ND,110.34,34.52,0,0,2.43,0
10/6/2020,5:15:00,0,ND,110.29,34.51,0.15,0,2.44,0
10/6/2020,5:30:00,0,ND,110.28,34.51,0.13,0,2.43,0
10/6/2020,5:45:00,0,ND,110.1,34.45,0.35,0,2.44,0
10/6/2020,6:00:00,0,ND,110.23,34.49,0.29,0,2.43,0
10/6/2020,6:15:00,0,ND,109.04,34.11,0.21,0,2.44,0
10/6/2020,6:30:00,0,ND,110.36,34.53,0.09,0,2.43,0
10/6/2020,6:45:00,0,ND,110.22,34.49,0.18,0,2.44,0
10/6/2020,7:00:00,0,ND,110.45,34.56,0.1,0,2.43,0
10/6/2020,7:15:00,0,ND,110.33,34.52,0.21,0,2.44,0
10/6/2020,7:30:00,0,ND,110.45,34.56,0.07,0,2.43,0
10/6/2020,7:45:00,0,ND,110.59,34.61,0.06,0,2.43,0
10/6/2020,8:00:00,0,ND,110.33,34.52,0.75,0,2.43,0
10/6/2020,8:15:00,0,ND,110.32,34.52,0.52,0,2.44,0
10/6/2020,8:30:00,0,ND,110.64,34.62,0.52,0,2.43,0
10/6/2020,8:45:00,0,ND,110.77,34.66,0.83,0,2.44,0
10/6/2020,9:00:00,0,ND,110.45,34.56,0.65,0,2.43,0
10/6/2020,9:15:00,0,ND,110.47,34.57,0.36,0,2.43,0
10/6/2020,9:30:00,0,ND,110.39,34.54,0.4,0,2.43,0
10/6/2020,9:45:00,0,ND,110.68,34.63,0.28,0,2.44,0
10/6/2020,10:00:00,0,ND,109.87,34.38,0.3,0,2.43,0
10/6/2020,10:15:00,0,ND,111.34,34.85,0.29,0,2.44,0
10/6/2020,10:30:00,0,ND,111.35,34.85,0.22,0,2.43,0
10/6/2020,10:45:00,0,ND,110.2,34.48,0.21,0,2.43,0
10/6/2020,11:00:00,0,ND,109.38,34.22,0.51,0,2.44,0
10/6/2020,11:15:00,0,ND,109.64,34.3,0.36,0,2.44,0
10/6/2020,11:30:00,0,ND,109.4,34.22,0.33,0,2.44,0
10/6/2020,11:45:00,0,ND,110.08,34.44,0.47,0,2.44,0
10/6/2020,12:00:00,0,ND,109.4,34.23,0.31,0,2.43,0
10/6/2020,12:15:00,0,ND,109.46,34.24,0.29,0,2.44,0
10/6/2020,12:30:00,0,ND,108.24,33.85,0.29,0,2.44,0
10/6/2020,12:45:00,0,ND,109.27,34.18,0.16,0,2.44,0
10/6/2020,13:00:00,0,ND,108.95,34.08,0.22,0,2.44,0
10/6/2020,13:15:00,0,ND,106.58,33.32,0.36,0,2.44,0
10/6/2020,13:30:00,0,ND,106.68,33.35,0.23,0,2.44,0
10/6/2020,13:45:00,0,ND,107.93,33.75,0.4,0,2.44,0
10/6/2020,14:00:00,0,ND,106.06,33.16,1.3,0,2.44,0
10/6/2020,14:15:00,0,ND,104.69,32.72,0.24,0,2.44,0
10/6/2020,14:30:00,0,ND,106.59,33.33,0.37,0,2.45,0
10/6/2020,14:45:00,0,ND,105.79,33.07,0.39,0,2.45,0
10/6/2020,15:00:00,0,ND,105.38,32.94,1.18,0,2.45,0
10/6/2020,15:15:00,0,ND,105.53,32.99,0.55,0,2.45,0
10/6/2020,15:30:00,0,ND,105.8,33.07,0.24,0,2.45,0
10/6/2020,15:45:00,0,ND,96.6,30.14,0,0,2.45,0
10/6/2020,16:00:00,0,ND,92.81,28.93,0.12,0,2.45,0
10/6/2020,16:15:00,0,ND,106.86,33.41,0.1,0,2.45,0
10/6/2020,16:30:00,0,ND,104.59,32.69,0.05,0,2.45,0
10/6/2020,16:45:00,0,ND,104.94,32.8,0.09,0,2.45,0
10/6/2020,17:00:00,0,ND,104.43,32.64,0.05,0,2.45,0
10/6/2020,17:15:00,0,ND,104.26,32.58,0.26,0,2.45,0
10/6/2020,17:30:00,0,ND,104.21,32.57,0.08,0,2.45,0
10/6/2020,17:45:00,0,ND,105.91,33.11,0.05,0,2.45,0
10/6/2020,18:00:00,0,ND,106.71,33.37,-0.01,0,2.45,0
10/6/2020,18:15:00,0,ND,106.85,33.41,0.07,0,2.45,0
10/6/2020,18:30:00,0,ND,106.88,33.42,0.01,0,2.44,0
10/6/2020,18:45:00,0,ND,107.2,33.52,0.05,0,2.45,0
10/6/2020,19:00:00,0,ND,107.75,33.7,0.06,0,2.44,0
10/6/2020,19:15:00,0,ND,107.71,33.69,0.36,0,2.44,0
10/6/2020,19:30:00,0,ND,107.57,33.64,0.05,0,2.44,0
10/6/2020,19:45:00,0,ND,107.86,33.73,0.05,0,2.45,0
10/6/2020,20:00:00,0,ND,107.81,33.72,0.29,0,2.44,0
10/6/2020,20:15:00,0,ND,107.09,33.49,0.19,0,2.44,0
10/6/2020,20:30:00,0,ND,107.95,33.76,0.19,0,2.44,0
10/6/2020,20:45:00,0,ND,108.04,33.79,0.37,0,2.44,0
10/6/2020,21:00:00,0,ND,107.92,33.75,0.16,0,2.43,0
10/6/2020,21:15:00,0,ND,107.9,33.75,0.52,0,2.44,0
10/6/2020,21:30:00,0,ND,108.01,33.78,0.08,0,2.44,0
10/6/2020,21:45:00,0,ND,108.09,33.81,0.23,0,2.44,0
10/6/2020,22:00:00,0,ND,108.07,33.8,0.01,0,2.43,0
10/6/2020,22:15:00,0,ND,108.1,33.81,0.14,0,2.44,0
10/6/2020,22:30:00,0,ND,108.24,33.85,-0.04,0,2.43,0
10/6/2020,22:45:00,0,ND,108.14,33.82,0.05,0,2.44,0
10/6/2020,23:00:00,0,ND,108.32,33.88,0.02,0,2.43,0
10/6/2020,23:15:00,0,ND,108.43,33.92,0.09,0,2.44,0
10/6/2020,23:30:00,0,ND,108.42,33.91,0.01,0,2.43,0
10/6/2020,23:45:00,0,ND,108.42,33.91,0.11,0,2.44,0
10/7/2020,0:00:00,0,ND,108.3,33.87,0.03,0,2.43,0
10/7/2020,0:15:00,0,ND,108.27,33.86,0.5,0,2.44,0
10/7/2020,0:30:00,0,ND,108.25,33.86,0.19,0,2.43,0
10/7/2020,0:45:00,0,ND,108.45,33.92,0.28,0,2.44,0
10/7/2020,1:00:00,0,ND,108.37,33.9,0.57,0,2.43,0
10/7/2020,1:15:00,0,ND,108.47,33.93,0.63,0,2.44,0
10/7/2020,1:30:00,0,ND,106.84,33.41,0.29,0,2.43,0
10/7/2020,1:45:00,0,ND,106.89,33.42,0.55,0,2.43,0
10/7/2020,2:00:00,0,ND,106.81,33.4,0.93,0,2.43,0
10/7/2020,2:15:00,0,ND,106.77,33.38,0.01,0,2.43,0
10/7/2020,2:30:00,0,ND,107.05,33.47,0.26,0,2.43,0
10/7/2020,2:45:00,0,ND,106.8,33.39,0.69,0,2.43,0
10/7/2020,3:00:00,0,ND,106.79,33.39,0.82,0,2.43,0
10/7/2020,3:15:00,0,ND,106.88,33.42,0.27,0,2.43,0
10/7/2020,3:30:00,0,ND,106.77,33.38,0.25,0,2.43,0
10/7/2020,3:45:00,0,ND,106.55,33.31,0.4,0,2.43,0
10/7/2020,4:00:00,0,ND,107.3,33.55,0.3,0,2.43,0
10/7/2020,4:15:00,0,ND,106.74,33.37,0.11,0,2.43,0
10/7/2020,4:30:00,0,ND,107.66,33.67,0.73,0,2.43,0
10/7/2020,4:45:00,0,ND,107.76,33.7,0.26,0,2.43,0
10/7/2020,5:00:00,0,ND,108.35,33.89,1,0,2.43,0
10/7/2020,5:15:00,0,ND,108.57,33.96,0.16,0,2.43,0
10/7/2020,5:30:00,0,ND,108.72,34.01,0.2,0,2.43,0
10/7/2020,5:45:00,0,ND,108.92,34.07,0.31,0,2.43,0
10/7/2020,6:00:00,0,ND,108.69,34,0.42,0,2.43,0
10/7/2020,6:15:00,0,ND,109.13,34.14,0.36,0,2.43,0
10/7/2020,6:30:00,0,ND,109.14,34.14,0.25,0,2.43,0
10/7/2020,6:45:00,0,ND,109.2,34.16,0.07,0,2.43,0
10/7/2020,7:00:00,0,ND,108.98,34.09,0.12,0,2.42,0
10/7/2020,7:15:00,0,ND,108.88,34.06,0.07,0,2.43,0
10/7/2020,7:30:00,0,ND,109.37,34.21,0,0,2.43,0
10/7/2020,7:45:00,0,ND,109.43,34.23,0.06,0,2.43,0
10/7/2020,8:00:00,0,ND,109.4,34.22,0.13,0,2.43,0
10/7/2020,8:15:00,0,ND,109.58,34.28,0.08,0,2.43,0
10/7/2020,8:30:00,0,ND,109.73,34.33,0.04,0,2.43,0
10/7/2020,8:45:00,0,ND,109.6,34.29,0.1,0,2.43,0
10/7/2020,9:00:00,0,ND,109.77,34.34,0.08,0,2.42,0
10/7/2020,9:15:00,0,ND,109.68,34.31,0.04,0,2.43,0
10/7/2020,9:30:00,0,ND,109.75,34.34,0.09,0,2.42,0
10/7/2020,9:45:00,0,ND,109.85,34.37,0.09,0,2.43,0
10/7/2020,10:00:00,0,ND,109.9,34.38,0.11,0,2.43,0
10/7/2020,10:15:00,0,ND,109.97,34.41,1.28,0,2.43,0
10/7/2020,10:30:00,0,ND,109.5,34.25,0.76,0,2.43,0
10/7/2020,10:45:00,0,ND,109.9,34.39,0.74,0,2.43,0
10/7/2020,11:00:00,0,ND,108.51,33.94,0.86,0,2.43,0
10/7/2020,11:15:00,0,ND,104.21,32.57,0.83,0,2.44,0
10/7/2020,11:30:00,0,ND,109.56,34.28,0.73,0,2.43,0
10/7/2020,11:45:00,0,ND,109.78,34.35,0.87,0,2.43,0
10/7/2020,12:00:00,0,ND,108.68,33.99,0.82,0,2.43,0
10/7/2020,12:15:00,0,ND,108.11,33.81,0.81,0,2.44,0
10/7/2020,12:30:00,0,ND,105,32.82,1.28,0,2.44,0
10/7/2020,12:45:00,0,ND,106.13,33.18,1.33,0,2.44,0
10/7/2020,13:00:00,0,ND,105.94,33.12,2.18,0,2.44,0
10/7/2020,13:15:00,0,ND,106.43,33.28,2.8,0,2.44,0
10/7/2020,13:30:00,0,ND,105.47,32.97,2.4,0,2.44,0
10/7/2020,13:45:00,0,ND,101.17,31.6,1.48,0,2.44,0
10/7/2020,14:00:00,0,ND,94.31,29.41,0.58,0,2.44,0
10/7/2020,14:15:00,0,ND,103.45,32.32,0.68,0,2.45,0
10/7/2020,14:30:00,0,ND,90.38,28.15,0.61,0,2.44,0
10/7/2020,14:45:00,0,ND,104.62,32.7,0.91,0,2.45,0
10/7/2020,15:00:00,0,ND,105.36,32.93,0.21,0,2.45,0
10/7/2020,15:15:00,0,ND,104.61,32.7,0.55,0,2.45,0
10/7/2020,15:30:00,0,ND,103.53,32.35,0.31,0,2.45,0
10/7/2020,15:45:00,0,ND,104.17,32.55,0.7,0,2.45,0
10/7/2020,16:00:00,0,ND,104.04,32.51,0.41,0,2.45,0
10/7/2020,16:15:00,0,ND,104.63,32.7,0.23,0,2.45,0
10/7/2020,16:30:00,0,ND,103.54,32.35,0.27,0,2.45,0
10/7/2020,16:45:00,0,ND,104.99,32.82,0.17,0,2.45,0
10/7/2020,17:00:00,0,ND,104.65,32.71,0.2,0,2.45,0
10/7/2020,17:15:00,0,ND,104.22,32.57,0.32,0,2.45,0
10/7/2020,17:30:00,0,ND,104,32.5,0.16,0,2.45,0
10/7/2020,17:45:00,0,ND,104.06,32.52,0.2,0,2.45,0
10/7/2020,18:00:00,0,ND,105.37,32.94,0.09,0,2.44,0
10/7/2020,18:15:00,0,ND,105.07,32.84,0.09,0,2.45,0
10/7/2020,18:30:00,0,ND,104.97,32.81,0.15,0,2.45,0
10/7/2020,18:45:00,0,ND,105.35,32.93,0.08,0,2.45,0
10/7/2020,19:00:00,0,ND,104.61,32.69,0.17,0,2.44,0
10/7/2020,19:15:00,0,ND,104.61,32.7,0.13,0,2.44,0
10/7/2020,19:30:00,0,ND,104.87,32.78,0.19,0,2.44,0
10/7/2020,19:45:00,0,ND,104.48,32.65,0.24,0,2.45,0
10/7/2020,20:00:00,0,ND,103.86,32.45,0.12,0,2.44,0
10/7/2020,20:15:00,0,ND,103.98,32.5,0.18,0,2.44,0
10/7/2020,20:30:00,0,ND,104.37,32.62,0.16,0,2.44,0
10/7/2020,20:45:00,0,ND,104.45,32.64,0.18,0,2.45,0
10/7/2020,21:00:00,0,ND,104.63,32.7,0.2,0,2.44,0
10/7/2020,21:15:00,0,ND,104.82,32.76,0.18,0,2.44,0
10/7/2020,21:30:00,0,ND,104.84,32.77,0.31,0,2.44,0
10/7/2020,21:45:00,0,ND,104.83,32.77,0.19,0,2.44,0
10/7/2020,22:00:00,0,ND,104.84,32.77,0.43,0,2.43,0
10/7/2020,22:15:00,0,ND,104.56,32.68,0.4,0,2.44,0
10/7/2020,22:30:00,0,ND,104.63,32.7,0.34,0,2.44,0
10/7/2020,22:45:00,0,ND,104.88,32.78,0.68,0,2.44,0
10/7/2020,23:00:00,0,ND,104.79,32.75,0.3,0,2.44,0
10/7/2020,23:15:00,0,ND,104.98,32.81,0.23,0,2.44,0
10/7/2020,23:30:00,0,ND,104.72,32.73,0.24,0,2.43,0
10/7/2020,23:45:00,0,ND,105,32.82,0.26,0,2.44,0
10/8/2020,0:00:00,0,ND,105.1,32.85,0.3,0,2.43,0
10/8/2020,0:15:00,0,ND,104.92,32.79,0.23,0,2.44,0
10/8/2020,0:30:00,0,ND,105.06,32.84,0.31,0,2.43,0
10/8/2020,0:45:00,0,ND,105.04,32.83,0.31,0,2.44,0
10/8/2020,1:00:00,0,ND,105.18,32.88,0.46,0,2.43,0
10/8/2020,1:15:00,0,ND,105.65,33.03,0.5,0,2.43,0
10/8/2020,1:30:00,0,ND,105.41,32.95,0.37,0,2.43,0
10/8/2020,1:45:00,0,ND,105.58,33.01,0.72,0,2.43,0
10/8/2020,2:00:00,0,ND,105.62,33.02,0.31,0,2.43,0
10/8/2020,2:15:00,0,ND,105.7,33.04,0.38,0,2.44,0
10/8/2020,2:30:00,0,ND,105.92,33.11,0.25,0,2.43,0
10/8/2020,2:45:00,0,ND,106.02,33.15,0.44,0,2.43,0
10/8/2020,3:00:00,0,ND,106.06,33.16,0.52,0,2.43,0
10/8/2020,3:15:00,0,ND,105.78,33.07,0.61,0,2.43,0
10/8/2020,3:30:00,0,ND,106.17,33.19,0.59,0,2.43,0
10/8/2020,3:45:00,0,ND,106,33.14,0.45,0,2.43,0
10/8/2020,4:00:00,0,ND,106.07,33.16,0.25,0,2.43,0
10/8/2020,4:15:00,0,ND,106.31,33.24,0.54,0,2.43,0
10/8/2020,4:30:00,0,ND,106.08,33.16,0.3,0,2.43,0
10/8/2020,4:45:00,0,ND,106.35,33.25,0.41,0,2.43,0
10/8/2020,5:00:00,0,ND,106.32,33.24,0.5,0,2.43,0
10/8/2020,5:15:00,0,ND,106.46,33.28,0.23,0,2.43,0
10/8/2020,5:30:00,0,ND,106.44,33.28,0.37,0,2.43,0
10/8/2020,5:45:00,0,ND,106.47,33.29,0.7,0,2.43,0
10/8/2020,6:00:00,0,ND,106.57,33.32,0.48,0,2.42,0
10/8/2020,6:15:00,0,ND,107.03,33.47,0.34,0,2.43,0
10/8/2020,6:30:00,0,ND,107.3,33.55,0.67,0,2.42,0
10/8/2020,6:45:00,0,ND,107.39,33.58,0.26,0,2.43,0
10/8/2020,7:00:00,0,ND,107.25,33.54,0.37,0,2.42,0
10/8/2020,7:15:00,0,ND,107.4,33.59,0.28,0,2.43,0
10/8/2020,7:30:00,0,ND,107.45,33.6,0.29,0,2.43,0
10/8/2020,7:45:00,0,ND,107.39,33.58,0.32,0,2.43,0
10/8/2020,8:00:00,0,ND,107.35,33.57,0.25,0,2.43,0
10/8/2020,8:15:00,0,ND,107.3,33.55,0.23,0,2.43,0
10/8/2020,8:30:00,0,ND,107.47,33.61,0.27,0,2.43,0
10/8/2020,8:45:00,0,ND,107.75,33.7,0.26,0,2.43,0
10/8/2020,9:00:00,0,ND,108,33.78,0.28,0,2.43,0
10/8/2020,9:15:00,0,ND,107.71,33.69,0.34,0,2.43,0
10/8/2020,9:30:00,0,ND,107.68,33.68,0.29,0,2.43,0
10/8/2020,9:45:00,0,ND,107.7,33.68,0.28,0,2.43,0
10/8/2020,10:00:00,0,ND,108.73,34.01,0.27,0,2.43,0
10/8/2020,10:15:00,0,ND,108.86,34.05,0.31,0,2.43,0
10/8/2020,10:30:00,0,ND,108.83,34.04,0.25,0,2.43,0
10/8/2020,10:45:00,0,ND,108.96,34.08,0.32,0,2.43,0
10/8/2020,11:00:00,0,ND,106.69,33.36,0.4,0,2.42,0
10/8/2020,11:15:00,0,ND,105.98,33.13,0.55,0,2.43,0
10/8/2020,11:30:00,0,ND,106.44,33.28,0.34,0,2.43,0
10/8/2020,11:45:00,0,ND,106.4,33.26,0.35,0,2.43,0
10/8/2020,12:00:00,0,ND,106.32,33.24,0.55,0,2.43,0
10/8/2020,12:15:00,0,ND,106.75,33.38,0.4,0,2.44,0
10/8/2020,12:30:00,0,ND,106.1,33.17,0.36,0,2.43,0
10/8/2020,12:45:00,0,ND,106.18,33.19,0.39,0,2.43,0
10/8/2020,13:00:00,0,ND,105.69,33.04,0.48,0,2.43,0
10/8/2020,13:15:00,0,ND,104.98,32.81,0.48,0,2.43,0
10/8/2020,13:30:00,0,ND,104.76,32.74,0.87,0,2.43,0
10/8/2020,13:45:00,0,ND,104.31,32.6,0.43,0,2.44,0
10/8/2020,14:00:00,0,ND,104.58,32.68,0.48,0,2.44,0
10/8/2020,14:15:00,0,ND,104.56,32.68,0.27,0,2.44,0
10/8/2020,14:30:00,0,ND,104.36,32.62,0.3,0,2.44,0
10/8/2020,14:45:00,0,ND,104.75,32.74,0.22,0,2.44,0
10/8/2020,15:00:00,0,ND,103.71,32.41,0.21,0,2.44,0
10/8/2020,15:15:00,0,ND,103.42,32.31,0.29,0,2.44,0
10/8/2020,15:30:00,0,ND,103.77,32.43,0.23,0,2.44,0
10/8/2020,15:45:00,0,ND,104.54,32.67,0.42,0,2.44,0
10/8/2020,16:00:00,0,ND,104.31,32.6,0.33,0,2.44,0
10/8/2020,16:15:00,0,ND,104.5,32.66,0.25,0,2.44,0
10/8/2020,16:30:00,0,ND,104.96,32.81,0.15,0,2.44,0
10/8/2020,16:45:00,0,ND,104.51,32.66,0.19,0,2.44,0
10/8/2020,17:00:00,0,ND,104.41,32.63,0.19,0,2.44,0
10/8/2020,17:15:00,0,ND,104.63,32.7,0.35,0,2.44,0
10/8/2020,17:30:00,0,ND,105.04,32.83,0.18,0,2.43,0
10/8/2020,17:45:00,0,ND,104.84,32.77,0.23,0,2.44,0
10/8/2020,18:00:00,0,ND,104.61,32.7,0.17,0,2.44,0
10/8/2020,18:15:00,0,ND,104.67,32.71,0.09,0,2.44,0
10/8/2020,18:30:00,0,ND,104.8,32.76,0.16,0,2.43,0
10/8/2020,18:45:00,0,ND,104.91,32.79,0.24,0,2.44,0
10/8/2020,19:00:00,0,ND,105.07,32.84,0.23,0,2.43,0
10/8/2020,19:15:00,0,ND,105.19,32.88,0.26,0,2.43,0
10/8/2020,19:30:00,0,ND,105.36,32.93,0.24,0,2.43,0
10/8/2020,19:45:00,0,ND,105.43,32.96,0.21,0,2.43,0
10/8/2020,20:00:00,0,ND,105.62,33.02,0.22,0,2.43,0
10/8/2020,20:15:00,0,ND,105.77,33.06,0.2,0,2.43,0
10/8/2020,20:30:00,0,ND,105.85,33.09,0.21,0,2.43,0
10/8/2020,20:45:00,0,ND,105.96,33.13,0.24,0,2.43,0
10/8/2020,21:00:00,0,ND,106.23,33.21,0.29,0,2.42,0
10/8/2020,21:15:00,0,ND,106.43,33.28,0.3,0,2.43,0
10/8/2020,21:30:00,0,ND,106.43,33.28,0.3,0,2.42,0
10/8/2020,21:45:00,0,ND,106.29,33.23,0.36,0,2.43,0
10/8/2020,22:00:00,0,ND,106.56,33.32,0.38,0,2.42,0
10/8/2020,22:15:00,0,ND,106.23,33.21,0.26,0,2.42,0
10/8/2020,22:30:00,0,ND,106.42,33.27,0.36,0,2.42,0
10/8/2020,22:45:00,0,ND,106.39,33.26,0.31,0,2.43,0
10/8/2020,23:00:00,0,ND,106.4,33.27,0.45,0,2.42,0
10/8/2020,23:15:00,0,ND,106.38,33.26,0.52,0,2.42,0
10/8/2020,23:30:00,0,ND,106.59,33.33,0.43,0,2.41,0
10/8/2020,23:45:00,0,ND,106.76,33.38,0.27,0,2.42,0
10/9/2020,0:00:00,0,ND,106.73,33.37,0.46,0,2.42,0
10/9/2020,0:15:00,0,ND,106.87,33.42,0.41,0,2.42,0
10/9/2020,0:30:00,0,ND,106.94,33.44,0.35,0,2.42,0
10/9/2020,0:45:00,0,ND,107.4,33.58,0.32,0,2.42,0
10/9/2020,1:00:00,0,ND,107.08,33.48,0.36,0,2.42,0
10/9/2020,1:15:00,0,ND,107.23,33.53,0.34,0,2.42,0
10/9/2020,1:30:00,0,ND,107.23,33.53,0.35,0,2.42,0
10/9/2020,1:45:00,0,ND,106.99,33.46,0.3,0,2.42,0
10/9/2020,2:00:00,0,ND,107.2,33.52,0.39,0,2.42,0
10/9/2020,2:15:00,0,ND,107.34,33.57,0.48,0,2.42,0
10/9/2020,2:30:00,0,ND,107.28,33.55,0.52,0,2.42,0
10/9/2020,2:45:00,0,ND,107.36,33.57,0.49,0,2.42,0
10/9/2020,3:00:00,0,ND,107.33,33.56,0.4,0,2.41,0
10/9/2020,3:15:00,0,ND,107.37,33.58,0.49,0,2.42,0
10/9/2020,3:30:00,0,ND,107.23,33.53,0.36,0,2.42,0
10/9/2020,3:45:00,0,ND,107.11,33.49,0.42,0,2.42,0
10/9/2020,4:00:00,0,ND,107.35,33.57,0.59,0,2.42,0
10/9/2020,4:15:00,0,ND,107.32,33.56,0.49,0,2.42,0
10/9/2020,4:30:00,0,ND,107.58,33.64,0.38,0,2.41,0
10/9/2020,4:45:00,0,ND,107.42,33.59,0.55,0,2.42,0
10/9/2020,5:00:00,0,ND,107.48,33.61,0.36,0,2.42,0
10/9/2020,5:15:00,0,ND,107.48,33.61,0.55,0,2.42,0
10/9/2020,5:30:00,0,ND,107.54,33.63,0.52,0,2.41,0
10/9/2020,5:45:00,0,ND,107.8,33.71,0.63,0,2.42,0
10/9/2020,6:00:00,0,ND,107.68,33.67,0.47,0,2.42,0
10/9/2020,6:15:00,0,ND,107.51,33.62,0.6,0,2.42,0
10/9/2020,6:30:00,0,ND,107.51,33.62,0.57,0,2.41,0
10/9/2020,6:45:00,0,ND,107.58,33.64,0.57,0,2.41,0
10/9/2020,7:00:00,0,ND,107.54,33.63,0.74,0,2.41,0
10/9/2020,7:15:00,0,ND,107.31,33.56,0.54,0,2.42,0
10/9/2020,7:30:00,0,ND,107.4,33.59,0.55,0,2.41,0
10/9/2020,7:45:00,0,ND,107.69,33.68,0.7,0,2.42,0
10/9/2020,8:00:00,0,ND,107.45,33.6,0.74,0,2.41,0
10/9/2020,8:15:00,0,ND,107.53,33.63,0.88,0,2.42,0
10/9/2020,8:30:00,0,ND,107.6,33.65,0.61,0,2.41,0
10/9/2020,8:45:00,0,ND,107.55,33.63,0.68,0,2.42,0
10/9/2020,9:00:00,0,ND,107.9,33.75,0.5,0,2.41,0
10/9/2020,9:15:00,0,ND,107.29,33.55,0.6,0,2.42,0
10/9/2020,9:30:00,0,ND,107.43,33.59,0.54,0,2.41,0
10/9/2020,9:45:00,0,ND,106.53,33.31,0.52,0,2.41,0
10/9/2020,10:00:00,0,ND,108.19,33.84,0.39,0,2.41,0
10/9/2020,10:15:00,0,ND,108.2,33.84,0.35,0,2.42,0
10/9/2020,10:30:00,0,ND,108.21,33.84,0.42,0,2.41,0
10/9/2020,10:45:00,0,ND,108.31,33.88,0.35,0,2.42,0
10/9/2020,11:00:00,0,ND,107.24,33.53,0.44,0,2.42,0
10/9/2020,11:15:00,0,ND,107.06,33.48,0.52,0,2.42,0
10/9/2020,11:30:00,0,ND,106.99,33.46,0.37,0,2.42,0
10/9/2020,11:45:00,0,ND,107.43,33.59,0.33,0,2.42,0
10/9/2020,12:00:00,0,ND,107.22,33.53,0.46,0,2.42,0
10/9/2020,12:15:00,0,ND,107.19,33.52,0.48,0,2.42,0
10/9/2020,12:30:00,0,ND,106.83,33.4,0.51,0,2.41,0
10/9/2020,12:45:00,0,ND,106.28,33.23,0.44,0,2.42,0
10/9/2020,13:00:00,0,ND,5.08,0.91,22.87,0,2.42,0
10/9/2020,13:15:00,0,ND,4.24,0.65,95.25,0,2.43,0
